"player","oapm","dapm","apm","poss"
"Malcolm Cazalon",116.802999081603,-10.9981763825363,105.804822699067,11
"Markquis Nowell",28.5394813800436,61.6508513035125,90.1903326835561,14
"Donovan Williams",52.1797868272803,34.7546297429204,86.9344165702007,19
"Jordan Schakel",80.7260704918379,-0.181128573379815,80.5449419184581,22
"Jahlil Okafor",41.8844828147436,26.1751383319518,68.0596211466954,15
"Deonte Burton",78.9165979442825,-27.1578923024762,51.7587056418064,29
"Cui Yongxi",11.8558490825938,36.3934757971764,48.2493248797702,45
"Dmytro Skapintsev",16.1692418623845,26.4164461654888,42.5856880278733,8
"Filip Petrusev",15.8349973610955,24.2525968026218,40.0875941637173,36
"Alize Johnson",30.5365175816157,9.03030491126404,39.5668224928798,123
"Harrison Ingram",32.6714889121681,5.28803086736624,37.9595197795343,151
"Trevor Hudgins",24.5512625014556,10.8275598823505,35.378822383806,111
"Chris Silva",7.37213024842864,27.4028837411459,34.7750139895746,16
"Dereon Seabron",26.3868091369193,6.99438145778527,33.3811905947045,277
"Jalen Crutcher",-1.97731792505137,32.6486974852358,30.6713795601844,9
"Jackson Rowe",32.8358517916358,-2.19168376140465,30.6441680302311,223
"Zyon Pullin",7.96400359026258,21.1046600429649,29.0686636332275,10
"Nae'Qwan Tomlin",11.8700881446779,16.9979592742998,28.8680474189777,272
"Gabe York",33.6004479721021,-4.75425754172655,28.8461904303755,233
"Marko Simonovic",15.6836997353099,12.6347099548753,28.3184096901853,89
"Armoni Brooks",35.1340700260332,-10.5576371159697,24.5764329100634,422
"Tyler Smith",23.5126318362353,0.854422577859244,24.3670544140945,510
"RayJ Dennis",19.1908099595679,4.31180733868591,23.5026172982538,298
"Nate Hinton",17.8884270006803,5.36649431025738,23.2549213109377,339
"Daeqwon Plowden",10.7857186824292,12.4345442089251,23.2202628913543,297
"Jordan Ford",26.7856029124015,-5.3293089378537,21.4562939745478,85
"Xavier Cooks",30.1725685694301,-8.97911674670422,21.1934518227258,560
"Jarrell Brantley",14.7725856229226,5.71769990557563,20.4902855284982,159
"Izaiah Brockington",70.0096712776596,-50.2550093367979,19.7546619408617,16
"Mac McClung",15.3965580907669,3.53023872683911,18.9267968176061,221
"Tony Bradley",21.1633783926531,-2.40298537637037,18.7603930162827,636
"Isaiah Crawford",15.6967944059492,2.8388918933708,18.53568629932,185
"Isaiah Stevens",-35.3624943489056,53.7317152859335,18.3692209370279,22
"Nikola Jokic",24.2538482689562,-7.92944361870031,16.3244046502559,31599
"Drew Peterson",22.1083975624941,-6.00932789229008,16.099069670204,821
"Shai Gilgeous-Alexander",19.1295137668964,-4.22326417703735,14.906249589859,32156
"Andre Iguodala",18.3099586270034,-4.11040877936408,14.1995498476393,495
"Buddy Boeheim",13.1455632581917,0.447950416917223,13.5935136751089,709
"Giannis Antetokounmpo",20.0505323099012,-6.75232913984587,13.2982031700553,28925
"Elijah Harkless",14.4297855344571,-1.17246127778209,13.257324256675,569
"Yuki Kawamura",19.4909205439139,-6.32632679986476,13.1645937440491,395
"Alex Reese",20.5367602730367,-7.56073460147153,12.9760256715652,920
"Isaiah Mobley",8.74154155818343,4.0852096017041,12.8267511598875,691
"N'Faly Dante",35.7674461783652,-23.3365813890461,12.4308647893191,221
"PJ Hall",11.4060997461814,0.92424438302338,12.3303441292048,256
"RaiQuan Gray",45.4183312691842,-33.2220831868908,12.1962480822934,304
"Herbert Jones",15.1191714576238,-3.11944505953126,11.9997263980925,20207
"Amari Bailey",24.0832290325613,-12.1281616223842,11.9550674101771,261
"Kevon Harris",16.5981142223554,-4.72007817445062,11.8780360479048,1912
"Joshua Primo",18.2111302430222,-6.73580654819678,11.4753236948254,444
"Phillip Wheeler",14.3266878916952,-3.02758811700912,11.2990997746861,176
"Lonzo Ball",14.208190723669,-3.15677697644125,11.0514137472277,3376
"Steven Adams",18.6597986143943,-8.22091236087229,10.438886253522,7973
"Frank Ntilikina",16.5976592584141,-6.22303805551252,10.3746212029016,2701
"Facundo Campazzo",2.59626113689581,7.76473826792728,10.3609994048231,207
"Franz Wagner",16.258174733481,-5.9516075790994,10.3065671543816,28591
"Shaquille Harrison",17.3318385155478,-7.1493667836816,10.1824717318662,530
"Gui Santos",17.3546583913695,-7.18436496950353,10.170293421866,3878
"Oscar Tshiebwe",20.4963918125501,-10.5782931474829,9.91809866506718,1230
"Draymond Green",12.3155774875361,-2.56389701037865,9.75168047715744,24579
"Victor Wembanyama",10.3368409936081,-0.67607264357671,9.66076835003136,15403
"Moussa Diabaté",15.7597104205015,-6.32981888356663,9.42989153693486,5998
"Noah Vonleh",22.3967816082439,-13.0332068031468,9.36357480509705,707
"Jordan McLaughlin",15.2283438804485,-6.20457004974265,9.02377383070584,6792
"Louis King",19.9193762307052,-10.9411427705965,8.9782334601087,124
"Blake Griffin",15.5678163505267,-6.62051794580592,8.94729840472075,2357
"Kyrie Irving",17.6952103893421,-8.80480915880429,8.89040123053784,25082
"Devin Carter",14.7270507886183,-5.83973351398758,8.88731727463068,1620
"Hamidou Diallo",13.7621202274373,-4.96573757475425,8.79638265268305,4207
"Kawhi Leonard",16.9271480006925,-8.31261742903271,8.61453057165978,21364
"Jahmir Young",25.3743369906099,-16.7602853386926,8.61405165191729,130
"Christian Koloko",10.4914529247289,-1.95381994190819,8.53763298282067,4702
"Mouhamed Gueye",11.1134607557144,-2.74046499912643,8.37299575658797,2609
"Henri Drell",29.07208817225,-20.708694172231,8.36339400001907,133
"Keshad Johnson",10.2166238421965,-1.90844818029748,8.30817566189897,418
"Dereck Lively II",16.292135242551,-7.99684168493255,8.29529355761847,8881
"Alperen Sengun",17.3817752358374,-9.17031823243761,8.21145700339979,27272
"Carlik Jones",17.9566564325106,-9.77872874077805,8.17792769173259,233
"Jason Preston",19.7858145994871,-11.6325637564467,8.15325084304041,813
"Luka Samanic",11.2535879399154,-3.40358994993728,7.84999798997812,2402
"Anthony Davis",12.6141977430206,-4.80576773648671,7.80843000653387,26402
"Chet Holmgren",15.5501967938125,-7.74685652741523,7.80334026639729,14069
"Ryan Rollins",14.7837626481251,-7.02795636266462,7.75580628546043,4015
"Dorian Finney-Smith",14.7992155737926,-7.04606599854719,7.7531495752454,23222
"Luke Kornet",17.8700855539914,-10.2384125704514,7.63167298353997,12606
"Isaiah Hartenstein",14.8599100934438,-7.25069853840779,7.60921155503605,21075
"Guerschon Yabusele",14.9786363262131,-7.3817572537731,7.59687907243998,7589
"Jusuf Nurkic",14.1981322274137,-6.61751912501243,7.58061310240125,18751
"Sidy Cissoko",-0.219381671233351,7.58738991385157,7.36800824261822,1074
"Jerome Robinson",10.4316610495935,-3.08674452725075,7.34491652234272,337
"Jules Bernard",15.9956271596367,-8.66204727476407,7.33357988487264,636
"Kevin Durant",15.6267593178166,-8.34964404438103,7.2771152734356,27793
"Tyler Kolek",10.2129997070395,-3.01915259529492,7.1938471117446,1250
"Kaiser Gates",-4.32540829389993,11.4895090872587,7.16410079335877,32
"Dean Wade",12.6273227471434,-5.48194556141479,7.14537718572866,13364
"Chris Boucher",16.5677197106267,-9.49074515186087,7.07697455876586,12570
"Tyler Dorsey",-10.897690456544,17.9721409327433,7.07445047619931,31
"Anthony Gill",13.9107269919112,-6.90644064185744,7.00428635005376,6187
"AJ Green",12.5630554555093,-5.57127783661961,6.99177761888967,10820
"Al Horford",15.3847475170073,-8.40985715094558,6.97489036606172,21731
"Terry Taylor",13.7128918733715,-6.76605690114927,6.94683497222226,1904
"Jock Landale",16.5797820182672,-9.66039511094744,6.9193869073198,9376
"Lauri Markkanen",15.41435265812,-8.63165206431899,6.78270059380097,23421
"Brandin Podziemski",13.6063572226682,-6.86665487143803,6.73970235123018,15191
"Andrew Funk",2.89659087052502,3.81071649423337,6.70730736475839,55
"Anthony Edwards",16.0490074227729,-9.49094387965383,6.55806354311904,34929
"Toumani Camara",12.2686222571048,-5.71101552995286,6.55760672715192,17626
"Myles Turner",15.4483592193922,-8.90278895245287,6.54557026693935,25447
"Donovan Mitchell",16.1167034238408,-9.57396781749332,6.54273560634746,27222
"Alex Caruso",11.7510552438251,-5.28602005042857,6.46503519339653,19140
"Ja Morant",13.8207168853856,-7.37179279211797,6.44892409326761,16206
"Day'Ron Sharpe",13.1066744176843,-6.65966524692284,6.44700917076142,9599
"Fred VanVleet",14.4482549028652,-8.03121002400662,6.41704487885858,29911
"Tobias Harris",12.9636252683559,-6.55345447554769,6.41017079280819,29047
"Alex Sarr",14.5093496390124,-8.10667270357195,6.40267693544043,7819
"Joel Embiid",9.97276065216099,-3.57014513462593,6.40261551753506,17010
"Luka Doncic",16.3753543448124,-10.0031196518795,6.37223469293286,28035
"Ajay Mitchell",12.1963427519709,-5.90596041729698,6.29038233467394,2448
"Ivica Zubac",12.7131632898856,-6.46984380097389,6.24331948891168,26815
"Leaky Black",13.1134976469288,-6.90701784865416,6.20647979827468,1158
"Tyrese Haliburton",18.1839099868562,-11.9798925534217,6.20401743343449,27622
"Clint Capela",11.9714703098925,-5.77900401279775,6.19246629709477,20381
"DeAndre Jordan",14.1312922096275,-7.95009165676714,6.18120055286035,6898
"Zach Edey",15.2957629563177,-9.16400468891826,6.13175826739946,6119
"Cade Cunningham",15.6205564403068,-9.54097426837606,6.07958217193073,20684
"Brandon Clarke",13.4871590890436,-7.42768496320359,6.05947412584005,10421
"Jae'Sean Tate",9.88476500202107,-3.83109800469064,6.05366699733043,9548
"Bobi Klintman",34.2975685599478,-28.267564058304,6.0300045016438,165
"Keon Ellis",12.7750026973273,-6.78505047679207,5.98995222053526,12186
"Skal Labissiere",25.304870040699,-19.322098074328,5.98277196637102,52
"Goga Bitadze",15.0849244212226,-9.11368670376677,5.97123771745578,11364
"Jimmy Butler",16.9756058884532,-11.0253863187745,5.95021956967869,23910
"Oso Ighodaro",10.4651320558959,-4.55315049572462,5.91198156017127,4257
"Rudy Gay",11.8176304732513,-5.92686841065863,5.89076206259265,3457
"Tolu Smith",3.90662259114668,1.96563785322055,5.87226044436722,89
"Leandro Bolmaro",-0.94992400422237,6.80240401291431,5.85248000869194,285
"Jalen Brunson",18.7456890042949,-12.9119793461675,5.83370965812737,29796
"Derrick White",13.3925751672292,-7.55965322950248,5.83292193772676,29960
"Damian Lillard",16.2965514274728,-10.5541207859647,5.74243064150811,28309
"Onyeka Okongwu",14.5702995389595,-8.83533181089452,5.73496772806495,22605
"Adem Bona",11.3701517086524,-5.65762570433336,5.71252600431906,3707
"Tari Eason",13.1037586271011,-7.40311120642555,5.70064742067554,15301
"Jevon Carter",11.8196645292473,-6.14086964491288,5.6787948843344,13104
"Zion Williamson",15.4011596704382,-9.77294857712178,5.62821109331644,16886
"Cole Swider",11.2917370052736,-5.71447727746616,5.57725972780742,1254
"Rodney McGruder",14.9576928959955,-9.39633182864004,5.56136106735543,2171
"Miles Bridges",13.2345214468659,-7.75175913969241,5.48276230717347,18984
"Jared Rhoden",17.6046015413096,-12.1548489598212,5.44975258148844,2764
"Davion Mitchell",11.9349960513951,-6.53141169574836,5.40358435564669,18735
"Pascal Siakam",14.0351414189983,-8.63315136544547,5.40199005355285,32558
"Stephen Curry",20.5598742568984,-15.1597364899888,5.40013776690957,28119
"Chris Paul",15.2679978149347,-9.90174061684688,5.36625719808785,23471
"Robert Williams III",10.5955884101672,-5.2324071571769,5.36318125299033,5343
"Ish Wainright",11.2599133578047,-5.89748233831272,5.362431019492,4065
"Deni Avdija",15.4357663138212,-10.1106345449155,5.32513176890567,27017
"Miles McBride",12.5513964997548,-7.24635032784652,5.30504617190831,14826
"Lamar Stevens",12.2277074339755,-6.94831490892677,5.27939252504874,7361
"Neemias Queta",18.1262520432372,-12.8562507780859,5.27000126515132,4816
"John Collins",13.5112290230386,-8.25252784384749,5.25870117919108,22156
"Paul George",12.9687691867331,-7.71315410593054,5.25561508080258,23527
"Kai Jones",14.5547182527442,-9.34952284678398,5.20519540596025,4197
"Branden Carlson",19.2626159171384,-14.0719183413566,5.19069757578179,1028
"Jazian Gortman",6.98493110219348,-1.82772484682844,5.15720625536503,248
"Dwight Powell",14.6830485980681,-9.54979109316291,5.13325750490519,11648
"Dante Exum",14.0646039275963,-9.00474615333769,5.05985777425858,6118
"Richaun Holmes",14.9768745984459,-9.97246779343131,5.00440680501462,5995
"Montrezl Harrell",8.9684064418527,-3.97478137105283,4.99362507079987,2831
"T.J. Warren",10.4594956130372,-5.52538606676764,4.93410954626959,3398
"Daniel Gafford",14.6109229566928,-9.70889209941467,4.9020308572781,19526
"Rudy Gobert",9.51374702868279,-4.61414001217806,4.89960701650473,29157
"Kevin Love",12.4565634835194,-7.57379302734366,4.88277045617574,9865
"Karlo Matković",12.4984358881559,-7.61837318688804,4.88006270126782,3315
"Donovan Clingan",10.6001110115799,-5.73437593943414,4.86573507214574,5550
"Luke Travers",19.3210092215099,-14.4582352989809,4.86277392252897,357
"Robert Covington",11.8863990792958,-7.07827669332152,4.80812238597428,5199
"D'Angelo Russell",14.9986227251078,-10.1939075907253,4.80471513438249,26276
"Jaren Jackson Jr.",13.0105838426305,-8.21457813345812,4.79600570917235,25971
"Amen Thompson",12.0574112561105,-7.33024704642156,4.72716420968898,15053
"Delon Wright",11.0254881076327,-6.34651450073892,4.67897360689377,10643
"Cameron Payne",14.8294720592623,-10.1638523746482,4.66561968461409,13921
"Boban Marjanovic",10.8312112947103,-6.1888885990437,4.64232269566665,990
"Devin Booker",16.2768338526938,-11.6478643122261,4.62896954046766,29105
"Tre Jones",14.2231619015257,-9.59600545956525,4.62715644196044,21381
"Kristaps Porzingis",14.3263107997809,-9.71687402274237,4.60943677703852,20773
"Chimezie Metu",12.3467082691686,-7.76894984967105,4.57775841949757,6500
"Jalen Johnson",11.2665724718814,-6.72522955430558,4.54134291757583,18117
"Jalen Pickett",14.107211613172,-9.5712006439364,4.53601096923557,3188
"Svi Mykhailiuk",15.3010268113361,-10.7732228580135,4.52780395332259,6814
"De'Anthony Melton",16.9109725753219,-12.4217882494985,4.48918432582339,13431
"Nicolas Batum",11.7978013272465,-7.31379063458517,4.48401069266132,18961
"Cameron Johnson",14.896944533119,-10.4168033092256,4.48014122389344,18643
"Julian Phillips",12.7396150866793,-8.29075684976288,4.44885823691644,6104
"Mason Plumlee",15.5133650495739,-11.098265188879,4.41509986069493,16807
"Stanley Johnson",16.1142090311978,-11.6996344885159,4.41457454268181,1990
"Maozinha Pereira",3.48478124139055,0.913459281292236,4.39824052268279,504
"Aaron Gordon",11.0442641294451,-6.6560687569093,4.38819537253579,23916
"Norman Powell",12.8942177608271,-8.55621213138503,4.33800562944207,22882
"Matt Hurt",3.78275024838424,0.509807425299196,4.29255767368344,455
"Rui Hachimura",12.3161784798232,-8.0899036514847,4.22627482833852,21571
"Kevon Looney",12.0547798307675,-7.85765386257257,4.19712596819489,17802
"Bogdan Bogdanovic",14.1642838727461,-10.0189166902062,4.14536718253994,21903
"Paul Reed",11.8037266519848,-7.66571895103694,4.13800770094785,11316
"Josh Okogie",10.8871320128132,-6.7545202453508,4.13261176746237,12093
"Charlie Brown Jr.",18.590602085465,-14.471537381983,4.11906470348192,144
"Tristan Vukcevic",11.3942381959021,-7.2844222473831,4.10981594851901,2812
"Mitchell Robinson",13.7614245885499,-9.66360956912569,4.09781501942421,10570
"Kobi Simmons",14.7803381446385,-10.6846240035229,4.09571414111559,386
"Isaiah Jackson",12.5281558164878,-8.5014397490686,4.02671606741916,8074
"Kevin Huerter",14.5660185556808,-10.5525307657166,4.01348778996416,22811
"Daniel Theis",13.9692190162148,-9.96565370581739,4.00356531039744,7249
"Jrue Holiday",10.9958820758524,-7.00312465699637,3.99275741885601,26318
"Jonathan Isaac",10.3572034301114,-6.38336321416134,3.97384021595004,8596
"Monte Morris",14.5140514480262,-10.5452444436361,3.96880700439002,11277
"Kris Dunn",13.4316189786592,-9.49688553360986,3.93473344504935,15045
"Jayson Tatum",13.7505277355708,-9.82407776981006,3.92644996576078,32793
"Sam Merrill",11.6630276679684,-7.73718288746435,3.92584478050401,10352
"Kenrich Williams",12.7811040730129,-8.88399856440875,3.89710550860418,13978
"Luka Garza",16.4475119868618,-12.5517175462819,3.89579444057984,2492
"DeMar DeRozan",14.4498301208026,-10.5550507945426,3.89477932626001,34557
"Trey Jemison",12.8358312487675,-8.95230891166182,3.88352233710572,3881
"Bam Adebayo",10.738120645413,-6.85754433389866,3.88057631151436,30916
"Wenyen Gabriel",9.95822697129153,-6.09849463442478,3.85973233686675,4667
"James Harden",15.1912918582864,-11.3347808947538,3.85651096353258,29841
"Malcolm Hill",-1.9608457967742,5.7983687957563,3.8375229989821,42
"Jose Alvarado",12.2242403855338,-8.3991834467515,3.82505693878233,15313
"De'Aaron Fox",13.2342122276563,-9.41109019219833,3.823122035458,31030
"Isaiah Joe",13.5482224485623,-9.74665792925258,3.80156451930969,18659
"Isaac Okoro",12.4683167397671,-8.67080313704132,3.79751360272574,18682
"LeBron James",14.0924804770064,-10.2974345790944,3.79504589791197,29037
"OG Anunoby",11.3364106469617,-7.57069698319453,3.7657136637672,27600
"Jarrett Allen",12.8063801031572,-9.0836862251736,3.72269387798364,28521
"Dexter Dennis",4.78704377719503,-1.09092322356288,3.69612055363215,145
"Dennis Smith Jr.",9.29597068840145,-5.61889018637636,3.67708050202509,10074
"Brandon Williams",10.984027834426,-7.32970803925639,3.65431979516962,2568
"D.J. Carton",4.8649878957276,-1.265271622641,3.5997162730866,304
"Aaron Wiggins",16.4539341222668,-12.855186050748,3.59874807151883,17907
"JT Thor",10.021546185121,-6.44160836100558,3.57993782411544,8220
"Karl-Anthony Towns",15.204292942647,-11.6323248428627,3.57196809978428,22645
"Immanuel Quickley",10.4891489492476,-6.98145776217362,3.507691187074,21512
"Scottie Barnes",12.0746424583886,-8.60049700412586,3.47414545426274,28683
"Sam Hauser",13.6801829259203,-10.2409276144384,3.43925531148189,18549
"Tyler Herro",16.3600133396163,-12.9303265911401,3.42968674847627,26145
"Kris Murray",9.45409829832605,-6.0456314643342,3.40846683399185,9855
"Ja'Kobe Walter",14.7089328651259,-11.3085484818276,3.40038438329832,4569
"Marvin Bagley III",12.0092222580406,-8.67186614086589,3.3373561171747,9669
"Tyrese Maxey",18.0689213109786,-14.7706112513505,3.29831005962807,26766
"Edmond Sumner",13.856486138657,-10.5685382574178,3.2879478812392,3076
"Jalen Smith",13.692463105882,-10.4307730885353,3.26169001734669,14080
"Jakob Poeltl",12.9286171701168,-9.67343208860971,3.25518508150714,20468
"Darius Garland",17.725546725067,-14.5322946156936,3.19325210937343,27179
"Christian Braun",13.1769329323105,-10.0097907207547,3.16714221155576,22719
"Cam Spencer",17.7171916318613,-14.5872354690432,3.12995616281805,1063
"Ty Jerome",16.1337288975344,-13.0071956762627,3.12653322127172,9299
"Kevin Porter Jr.",10.6576498434919,-7.53254709539669,3.12510274809522,14525
"Wendell Carter Jr.",10.8449320499609,-7.7254275632692,3.11950448669167,19687
"Brook Lopez",9.95041849314122,-6.83579077186647,3.11462772127476,30800
"LaMelo Ball",17.4878812982031,-14.4267856718101,3.06109562639302,14792
"Evan Mobley",9.94582389594159,-6.92484328673213,3.02098060920946,26374
"Jabari Walker",12.3768689376757,-9.37155657383556,3.00531236384013,12653
"Thomas Bryant",13.4463148743001,-10.4560754950585,2.99023937924161,10366
"Landry Shamet",11.9490443051409,-8.97965849737124,2.96938580776966,9566
"Walker Kessler",10.3018400360511,-7.33642269335335,2.96541734269774,20597
"Willy Hernangomez",11.1088465518203,-8.15080873337875,2.95803781844158,1956
"Jalen Suggs",10.129293512759,-7.18197153538741,2.94732197737162,17635
"Nikola Jović",11.3722061427298,-8.45552685034906,2.91667929238069,9150
"Nickeil Alexander-Walker",12.4343756542624,-9.64243437570945,2.79194127855293,20111
"Cody Martin",10.2499338197063,-7.46490002071824,2.78503379898802,8470
"Jared McCain",13.5370088030025,-10.7598454815991,2.77716332140341,2393
"Jamal Murray",17.0193963352222,-14.2636840031683,2.75571233205394,26365
"Naji Marshall",11.6054332801689,-8.8497844837922,2.75564879637667,20640
"Desmond Bane",13.8554289656677,-11.1602254973098,2.69520346835794,23393
"Kentavious Caldwell-Pope",10.7470571761293,-8.15238618617291,2.59467098995643,28740
"Larry Nance Jr.",10.7609325536516,-8.19588531751592,2.5650472361357,12662
"Josh Hart",13.8518083604759,-11.2942953079194,2.55751305255652,32565
"Alec Burks",12.4667469431697,-9.91035226515697,2.55639467801276,13212
"Mike Conley",15.0042904019101,-12.4486184141985,2.55567198771158,24435
"De'Andre Hunter",14.601463393775,-12.054203622474,2.54725977130098,23468
"Coby White",14.6502789982507,-12.1048017945473,2.54547720370339,29434
"Cory Joseph",13.5501119250649,-11.061947714791,2.48816421027397,8713
"Isaiah Wong",2.64932133813966,-0.183744127242735,2.46557721089693,1088
"Vasilije Micic",11.3558138631347,-8.9429144985638,2.41289936457088,7904
"Dru Smith",4.64316535535187,-2.24260914937283,2.40055620597904,2286
"Jalen Wilson",13.9947022819527,-11.6060715994351,2.38863068251763,10711
"Ausar Thompson",10.1868314762636,-7.8139873037366,2.37284417252703,12228
"Luke Kennard",15.6862046325347,-13.3629543874565,2.32325024507819,15861
"Anthony Lamb",12.0602952535808,-9.74061479305879,2.319680460522,5009
"David Duke Jr.",11.4475305588633,-9.14133680448669,2.30619375437663,1304
"Dyson Daniels",11.4150499896846,-9.12819112290121,2.28685886678343,21005
"T.J. McConnell",12.5203941780825,-10.2385199226717,2.28187425541079,17973
"Ashton Hagans",11.1079821933487,-8.87188295564446,2.23609923770422,1247
"Julius Randle",13.4451223514236,-11.2253654751481,2.21975687627547,26776
"Maxi Kleber",10.5372197049615,-8.34584839306162,2.19137131189986,10056
"D.J. Wilson",17.7653050258393,-15.6391161128405,2.12618891299882,59
"Micah Potter",10.2320094716334,-8.11982660108806,2.11218287054535,3927
"Keegan Murray",11.1100362164832,-9.00794328553382,2.1020929309494,31526
"Terence Davis",13.4173379988439,-11.3342888861237,2.08304911272018,3632
"Gary Payton II",12.3414060343946,-10.2643727426156,2.07703329177908,8173
"Isaiah Stewart",8.92911995330568,-6.85316117059062,2.07595878271506,17827
"Matisse Thybulle",9.39518912868736,-7.32214304378197,2.07304608490539,12408
"Gary Harris",13.750152523173,-11.6780797648881,2.0720727582849,13015
"Marcus Sasser",11.9651927801739,-9.8969716728803,2.06822110729364,9040
"John Konchar",10.5497480906298,-8.50778004656877,2.04196804406108,13483
"Naz Reid",10.7235474088363,-8.69668461591831,2.02686279291801,22438
"George Hill",8.61922935680433,-6.59385837147457,2.02537098532976,3459
"Caris LeVert",11.5640334728557,-9.54206673529388,2.02196673756181,23729
"Aaron Nesmith",14.9854646100341,-12.9902789415512,1.99518566848297,20739
"Kyle Filipowski",11.297613528574,-9.3271796092544,1.97043391931963,6419
"Kelly Olynyk",12.9559724406731,-10.9870715140483,1.96890092662477,19204
"Kyshawn George",9.89552361062013,-7.93187134807448,1.96365226254565,7627
"Joe Ingles",15.8272692389176,-13.8638027806095,1.96346645830817,9616
"Zach LaVine",13.2502970111863,-11.2952554691348,1.95504154205148,25874
"Mike Muscala",11.9593839241953,-10.0102233124569,1.94916061173841,6560
"Javonte Green",12.0137333633664,-10.0779983730451,1.93573499032127,8196
"Jarrett Culver",10.4702030577178,-8.55295874088638,1.91724431683139,574
"Obi Toppin",15.6216610582333,-13.7108437385759,1.91081731965738,18367
"Jay Huff",10.5279151227989,-8.63739733757836,1.89051778522059,3872
"Domantas Sabonis",13.7158166971102,-11.8765548653734,1.83926183173684,33546
"Zavier Simpson",12.5564148681863,-10.7292977568113,1.82711711137502,670
"Jeremy Sochan",12.4433453390587,-10.6179895748589,1.82535576419981,21147
"Christian Wood",11.5027651449545,-9.69102873164786,1.81173641330661,10612
"Oshae Brissett",13.7107126103898,-11.9270901126545,1.78362249773531,7723
"Justise Winslow",8.88588363584507,-7.11350725079853,1.77237638504654,3158
"Sasha Vezenkov",13.5948223701946,-11.8724410793857,1.7223812908089,2142
"Dennis Schroder",12.4152889086948,-10.7053149403823,1.70997396831253,27141
"Royce O'Neale",10.3856672103913,-8.68340549639316,1.70226171399809,25431
"Sandro Mamukelashvili",13.0266442874754,-11.3419342900595,1.68470999741588,7506
"Furkan Korkmaz",10.8282848976556,-9.14501253024222,1.68327236741338,2730
"Donte DiVincenzo",12.5360999036017,-10.8528786508728,1.68322125272884,24213
"Derrick Jones Jr.",10.5962737255597,-8.97444554301322,1.62182818254653,18958
"Bruno Fernando",10.9648338105589,-9.3698565593842,1.59497725117472,5055
"Marcus Smart",9.31516721390309,-7.73022946445981,1.58493774944328,13738
"Colin Castleton",7.06372919178704,-5.5260217331524,1.53770745863464,2037
"Malik Beasley",11.975410845166,-10.4458622940617,1.52954855110436,28353
"Olivier Sarr",13.049681063912,-11.5505611272301,1.49911993668186,875
"Vlatko Cancar",8.39058659999569,-6.93148710942209,1.45909949057359,4202
"Ochai Agbaji",10.9968705698081,-9.548024868076,1.44884570173213,19302
"Austin Reaves",15.2464988881844,-13.8121812067826,1.43431768140178,29400
"P.J. Washington",11.0167712300829,-9.68950285146126,1.32726837862168,27131
"Moritz Wagner",12.1619778712559,-10.8383286090863,1.3236492621696,12764
"Mikal Bridges",11.4353204883553,-10.154317041341,1.28100344701423,36079
"Jaylin Williams",12.0589897605174,-10.7848780060672,1.27411175445021,10817
"Frank Kaminsky",15.5364013141036,-14.2698722951609,1.26652901894268,966
"Dillon Brooks",9.26465786894531,-8.03974386712103,1.22491400182428,28248
"Gabe Vincent",10.6472165942516,-9.42403430442451,1.22318228982711,14291
"Cole Anthony",11.4613257379751,-10.2604438566156,1.20088188135951,18642
"Haywood Highsmith",9.47097390839026,-8.28919015483758,1.18178375355268,16719
"Aaron Holiday",9.27388195770812,-8.10303842641315,1.17084353129497,12147
"Victor Oladipo",12.1314005627717,-10.9755877076671,1.15581285510457,4443
"Jaylen Clark",12.690825446796,-11.5520506517258,1.13877479507022,2165
"Saddiq Bey",15.7743394034639,-14.6541010671216,1.1202383363423,17608
"Xavier Tillman",9.25069386891695,-8.14049062821326,1.1102032407037,9898
"Adama Sanogo",9.663115237422,-8.57246160265152,1.09065363477048,366
"Jabari Smith Jr.",10.6258355838546,-9.53851116378187,1.08732442007274,27296
"Jonas Valanciunas",14.4452078591243,-13.4113053628846,1.03390249623975,22387
"Jarred Vanderbilt",12.3204946861184,-11.3545465264777,0.965948159640709,12718
"Goran Dragic",11.4360055898042,-10.4855575015609,0.9504480882433,3703
"Pelle Larsson",10.8851837693925,-9.96230013103063,0.922883638361851,3153
"Max Strus",11.5132777175935,-10.6004304465613,0.912847271032213,23729
"James Johnson",10.5694669512614,-9.66112365568203,0.908343295579385,1024
"Dominick Barlow",12.3467283349273,-11.4521509174024,0.894577417524836,5082
"Payton Pritchard",10.9798903077303,-10.0921676523784,0.887722655351913,18939
"Santi Aldama",12.7864628938422,-11.9092725717917,0.877190322050478,20775
"Nikola Vucevic",12.0668314552617,-11.2092450486674,0.857586406594265,31643
"Duncan Robinson",12.5328267354269,-11.6922421174117,0.840584618015139,17663
"Terrence Shannon Jr.",5.57619181545269,-4.74005301771365,0.836138797739042,1432
"Jalen Duren",12.8467494372833,-12.0233665029522,0.823382934331091,22836
"Zach Collins",9.03071926879773,-8.21359762237489,0.817121646422843,16690
"Malik Monk",13.1162008105789,-12.3045710435577,0.811629767021175,23792
"Colby Jones",11.475405257296,-10.6777996057706,0.797605651525412,2867
"Mo Bamba",10.1137510727201,-9.34476734036629,0.768983732353817,7779
"Ben Simmons",13.0398232999524,-12.2708787491825,0.768944550769916,10597
"KZ Okpala",6.16233609121883,-5.39371097330849,0.768625117910332,1076
"Malcolm Brogdon",11.1698881399747,-10.4070601929819,0.762827946992729,14202
"Derrick Rose",7.0468882810516,-6.31223563856413,0.734652642487468,3100
"Cam Whitmore",13.278447730072,-12.5613396738712,0.717108056200841,7178
"A.J. Lawson",13.9501570961363,-13.2795681634681,0.670588932668183,3876
"Jaxson Hayes",8.29117399730598,-7.62934795544178,0.661826041864198,10782
"Trendon Watford",11.407094496832,-10.7889524890338,0.618142007798225,11974
"Drew Timme",14.8067046027291,-14.2083647609822,0.598339841746931,1045
"Jahmi'us Ramsey",2.21170298269022,-1.63296259086768,0.578740391822541,509
"Jaylen Brown",14.3150849371659,-13.7420604387695,0.573024498396363,28644
"Khem Birch",8.73188677647426,-8.17666708639704,0.555219690077227,650
"Justin Champagnie",13.0451749168282,-12.5165503207107,0.528624596117503,6830
"Jaylen Wells",13.0946615978864,-12.5701936646884,0.524467933197959,8856
"CJ McCollum",14.57459127053,-14.0613130024245,0.513278268105516,27510
"Kel'el Ware",11.0910073813724,-10.5887547213142,0.502252660058154,5793
"Tosan Evbuomwan",8.52319575354486,-8.02245989040539,0.500735863139466,4153
"Cody Zeller",11.5851113178594,-11.1071825325833,0.477928785276017,2242
"Vince Williams Jr.",11.5315725827743,-11.0770717549953,0.454500827779045,8429
"Josh Giddey",13.0687743484587,-12.6483800834517,0.42039426500699,27815
"Gordon Hayward",9.4739265249164,-9.07642317192114,0.397503352995257,11879
"Luguentz Dort",13.9184461494155,-13.5317732529674,0.38667289644814,27905
"Georges Niang",13.5834578621822,-13.1984025773598,0.385055284822458,20727
"Spencer Dinwiddie",12.3729414313314,-12.0524211316899,0.320520299641405,28733
"Khris Middleton",13.4007274822026,-13.0902773016999,0.31045018050275,13398
"Drew Eubanks",10.806368695124,-10.5189723701032,0.287396325020874,14388
"Rob Dillingham",13.5962551330036,-13.3230814885813,0.27317364442227,2139
"Kemba Walker",11.0223117720752,-10.7532046102303,0.269107161844831,573
"Keita Bates-Diop",10.5389937353238,-10.2746052899542,0.26438844536958,8857
"Damion Lee",8.49937120102328,-8.24583494898677,0.253536252036511,6865
"Raul Neto",14.8069856472744,-14.5573894670024,0.249596180271936,1991
"Lester Quinones",8.54736806067896,-8.30245730861589,0.244910752063072,2508
"Nate Williams",13.6294778009329,-13.4087716641236,0.220706136809309,1756
"Juan Toscano-Anderson",7.9711881314647,-7.77903373616616,0.192154395298542,3193
"Ousmane Dieng",7.52051957934739,-7.36227425167943,0.158245327667959,5612
"Justin Minaya",6.52128391696008,-6.36528826779916,0.155995649160917,2311
"Bobby Portis",11.1864157859657,-11.0412950103496,0.145120775616096,21099
"Jerami Grant",10.8005189987637,-10.6561295942579,0.144389404505791,23024
"Javon Freeman-Liberty",12.1517253812338,-12.0110953777376,0.140630003496176,1685
"Pete Nance",7.16154565439121,-7.05164279652424,0.109902857866974,649
"Mark Williams",12.7338277774802,-12.6500527698956,0.0837750075845527,10472
"Matt Ryan",8.68346326028518,-8.62260495177862,0.0608583085065639,3289
"Duop Reath",13.4168215598452,-13.3713352900622,0.0454862697829608,6872
"Trae Young",14.1552100306935,-14.1286655542843,0.0265444764092013,31221
"KJ Martin",12.2811968941257,-12.2637173502002,0.0174795439255231,16428
"Harrison Barnes",14.3245535444324,-14.3076809266082,0.0168726178242355,30425
"Davis Bertans",11.968752874457,-11.9685004595389,0.000252414918028521,4740
"Elfrid Payton",5.67739350467715,-5.6814384061398,-0.00404490146264802,2138
"Patrick Beverley",9.86564596652011,-9.90405556942825,-0.0384096029081409,13444
"Jordan Goodwin",10.023564874554,-10.0721141981675,-0.0485493236134911,11035
"Collin Sexton",14.8250715851732,-14.8948840970934,-0.0698125119202135,20876
"Lindy Waters III",11.0566032214089,-11.1568642573381,-0.100261035929226,6551
"Simone Fontecchio",10.9395871886787,-11.0693834843007,-0.129796295622064,15487
"Shake Milton",10.3422829668316,-10.4806991941301,-0.138416227298467,12360
"Julian Champagnie",12.4049371755227,-12.5476304047182,-0.142693229195485,15766
"Kyle Lowry",9.70227259822232,-9.85676333782427,-0.154490739601945,16388
"Jared Butler",10.5061345951046,-10.6932976023694,-0.187163007264816,7098
"RJ Barrett",11.768790508595,-12.0131429539196,-0.244352445324546,25794
"Matas Buzelis",10.5376839206226,-10.7867442547361,-0.249060334113482,6572
"Brandon Boston",10.4672490186515,-10.7445820463977,-0.277333027746193,6543
"Ronald Holland II",11.8687848981531,-12.1554923716647,-0.286707473511539,5277
"Trayce Jackson-Davis",10.5805376726821,-10.9081864166359,-0.327648743953858,8751
"Jonathan Kuminga",9.4601437265289,-9.81202666461131,-0.351882938082413,18786
"Wesley Matthews",10.2614195955887,-10.6135818168922,-0.352162221303518,5181
"Dario Saric",10.9662398179577,-11.3362749174548,-0.370035099497086,8748
"Daishen Nix",10.6380949305868,-11.0154654230383,-0.377370492451506,4080
"Jake LaRavia",12.2366897486901,-12.6141604909727,-0.377470742282576,10721
"Eric Gordon",10.9046602935045,-11.2893041660065,-0.384643872501972,19256
"Grayson Allen",13.5871581084829,-13.9849524900149,-0.39779438153208,25135
"Antonio Reeves",11.7092340439761,-12.1182581671361,-0.40902412315997,2739
"Jaime Jaquez Jr.",11.8084008622699,-12.2222657348867,-0.413864872616783,14151
"Jaylen Nowell",9.69299075865356,-10.1320386477291,-0.439047889075589,6918
"Deandre Ayton",9.70262835135913,-10.1900217945032,-0.48739344314404,20479
"Danuel House Jr.",12.2119484911342,-12.7324444160321,-0.520495924897892,5447
"Blake Wesley",9.83650506502404,-10.3573964342269,-0.520891369202841,9383
"Patrick Williams",9.41769388226924,-9.95378739131641,-0.536093509047177,21202
"E.J. Liddell",18.5136066476408,-19.0515784195264,-0.537971771885598,326
"Michael Porter Jr.",12.3462793585527,-12.8889915790662,-0.542712220513449,28750
"Markelle Fultz",10.3195158162996,-10.8757800192979,-0.556264202998314,11874
"Trey Lyles",11.5422324828192,-12.1069224588186,-0.564689975999398,15609
"Ricky Council IV",10.0025225436955,-10.5921965287013,-0.589673985005826,6295
"Markieff Morris",10.2838124980107,-10.8745801321878,-0.590767634177089,3140
"Kendrick Nunn",11.3562313643768,-12.0131718878648,-0.656940523487995,4090
"Anthony Black",7.41420721367851,-8.09037278827924,-0.676165574600727,12336
"Danilo Gallinari",13.1547924502865,-13.8498883084255,-0.695095858138957,2622
"R.J. Hampton",10.4344149716787,-11.1472614846617,-0.712846512982988,3388
"Trey Murphy III",9.40616964687323,-10.120603647233,-0.714434000359772,24934
"Jaden McDaniels",10.7469940833778,-11.4636783377957,-0.71668425441786,29298
"Dillon Jones",8.61094605751742,-9.3378474376029,-0.726901380085479,2258
"Bol Bol",10.1705588531266,-10.9051628581254,-0.734604004998754,10092
"Patrick Baldwin Jr.",10.4547455953139,-11.2032890270355,-0.748543431721524,3523
"Jalen McDaniels",9.2505705479898,-10.1437498564196,-0.893179308429758,10309
"James Bouknight",9.48974584253791,-10.384038278035,-0.894292435497057,2458
"Taj Gibson",8.2586756290026,-9.18273887309447,-0.924063244091869,4481
"Talen Horton-Tucker",12.7435520310339,-13.6708303836932,-0.92727835265925,12942
"Scotty Pippen Jr.",8.23274722621957,-9.1832379842711,-0.950490758051529,9561
"Jericho Sims",9.3750091395986,-10.3369776589441,-0.961968519345522,8028
"Collin Gillespie",14.2697693453675,-15.2366571123336,-0.966887766966114,2787
"Keldon Johnson",11.6397745322647,-12.6368165113538,-0.997041979089097,25026
"Kyle Anderson",7.57561924216365,-8.57479416352361,-0.999174921359961,19589
"Caleb Martin",8.81750648844876,-9.83854005158881,-1.02103356314005,20296
"Duane Washington Jr.",10.3736696937284,-11.4011697900658,-1.02750009633741,1655
"Patty Mills",8.61395951096531,-9.6766719601759,-1.06271244921059,5470
"Jordan Poole",10.5620514027726,-11.6402774348519,-1.07822603207924,29308
"Josh Green",10.4216334206814,-11.5002392505944,-1.07860582991298,20387
"Orlando Robinson",8.40070847828112,-9.48957117619024,-1.08886269790912,6094
"Stephon Castle",12.1967235559281,-13.2911211567934,-1.0943976008653,9091
"Andrew Nembhard",7.06430379492131,-8.17181325839531,-1.107509463474,23770
"Juancho Hernangomez",14.3921685481945,-15.5016336569202,-1.10946510872572,2504
"Vít Krejčí",10.3635063352853,-11.4767252347695,-1.11321889948416,7717
"TyTy Washington Jr.",5.95877207371772,-7.07525196539672,-1.116479891679,2516
"Seth Curry",9.52288071609255,-10.6433758236855,-1.12049510759295,11880
"Taylor Hendricks",9.00955672452169,-10.1607399880537,-1.15118326353203,3900
"Keaton Wallace",8.00345259075992,-9.17479512746296,-1.17134253670304,2100
"Brandon Miller",10.694883928468,-11.8812783041873,-1.18639437571933,13542
"Ron Harper Jr.",15.0448029012378,-16.2453589338106,-1.2005560325728,274
"Bismack Biyombo",10.3113903099236,-11.5179905761024,-1.20660026617887,9023
"Grant Williams",10.7762865576092,-11.9948616085524,-1.21857505094317,19121
"Max Christie",10.5451393954744,-11.78074310451,-1.23560370903555,14947
"Corey Kispert",13.6408525886514,-14.8930603215375,-1.2522077328861,24225
"Garrett Temple",10.3589798175577,-11.619783230224,-1.2608034126663,2868
"AJ Griffin",11.6896388099437,-12.9690066217842,-1.27936781184054,6659
"Joe Wieskamp",-4.9320120521179,3.65011935681692,-1.28189269530098,209
"Andre Drummond",10.5077494137812,-11.8064862706707,-1.29873685688952,11999
"Caleb Houstan",9.72137672871494,-11.0522828690137,-1.33090614029879,9684
"Trevelin Queen",10.0449424304618,-11.3835252353797,-1.33858280491793,2678
"Tre Mann",9.98051237670975,-11.3385633696701,-1.35805099296039,10255
"MarJon Beauchamp",9.63228647299638,-10.9906058039852,-1.35831933098882,6187
"Brandon Ingram",11.1407884077577,-12.5046629435797,-1.36387453582198,17286
"Troy Brown Jr.",11.060018511872,-12.4308862604624,-1.37086774859041,11188
"Mfiondu Kabengele",18.4046324866174,-19.7927580563223,-1.38812556970498,143
"Nic Claxton",8.58668042679326,-9.97920291005085,-1.3925224832576,25414
"Jordan Miller",7.47964679463859,-8.87360995940043,-1.39396316476184,1848
"Jaden Ivey",11.9036677710998,-13.3359132493404,-1.4322454782406,22576
"Devon Dotson",6.90554791128495,-8.35804092440427,-1.45249301311932,214
"Cam Thomas",13.5945016258023,-15.089534157432,-1.4950325316297,15546
"Nick Richards",13.3416071682537,-14.8514558384373,-1.5098486701836,17367
"Bennedict Mathurin",10.1211330817228,-11.6730932057886,-1.55196012406583,25010
"Ben Sheppard",9.53597784036425,-11.0955230960245,-1.55954525566028,8627
"Saben Lee",5.16529391935731,-6.78004241557148,-1.61474849621416,2325
"Andrew Wiggins",9.39522928915297,-11.0130858729167,-1.61785658376369,20762
"Buddy Hield",10.6928697015968,-12.3480947700175,-1.6552250684207,27128
"Quentin Grimes",10.6446169957253,-12.3017217346383,-1.65710473891304,21033
"Jontay Porter",10.1123890643844,-11.7704023815359,-1.65801331715155,1529
"Jordan Clarkson",11.4957609101128,-13.1928145345313,-1.69705362441846,19337
"Jeremiah Robinson-Earl",12.2935448071024,-14.0016070944679,-1.70806228736551,10006
"Zeke Nnaji",5.86295097347382,-7.57267996991182,-1.709728996438,7821
"Romeo Langford",10.4330918788327,-12.2121685382831,-1.77907665945046,3597
"Kenneth Lofton Jr.",8.858296980594,-10.6621609370315,-1.80386395643748,1555
"Dylan Windler",13.7445358955203,-15.5524441296382,-1.8079082341179,482
"Justin Holiday",9.22027696841331,-11.0388737706422,-1.81859680222887,6519
"Ricky Rubio",6.41551834815429,-8.25514645980264,-1.83962811164835,2286
"Cason Wallace",10.3062931752724,-12.1586264609117,-1.85233328563931,14947
"Enrique Freeman",13.0178193877018,-14.9413715222797,-1.92355213457796,786
"Anfernee Simons",11.7089335281249,-13.6578069288536,-1.94887340072868,24740
"Josh Minott",11.4319614270311,-13.4225432477389,-1.99058182070781,1994
"Ryan Dunn",7.42376489614958,-9.41713844680629,-1.9933735506567,5720
"Bruce Brown",10.9526668215112,-12.9588598543357,-2.0061930328245,21001
"Killian Hayes",9.7561260509941,-11.7925248711507,-2.03639882015664,13844
"Garrison Mathews",9.63946970616962,-11.7946832168214,-2.15521351065175,10570
"Jaylon Tyson",6.87998175110927,-9.06928022525027,-2.189298474141,1877
"Terrence Ross",13.3530329947793,-15.5539064570274,-2.20087346224809,5510
"Reece Beekman",3.96913768282782,-6.20634520824073,-2.2372075254129,1897
"Tyus Jones",11.8663114990104,-14.1842218461506,-2.31791034714024,25477
"Ziaire Williams",9.67797252356937,-11.9999024860196,-2.32192996245026,12844
"Jordan Walsh",8.84425108724568,-11.1679695147252,-2.32371842747955,1920
"Shaedon Sharpe",11.843009290224,-14.174423303565,-2.33141401334101,21095
"Tim Hardaway Jr.",12.0657135174674,-14.403202476191,-2.33748895872358,26565
"Moses Moody",8.82002553252089,-11.2095515389125,-2.38952600639162,15062
"Charles Bassey",6.79160802239194,-9.18513098377001,-2.39352296137807,4622
"Scoot Henderson",12.9000805526099,-15.3345325406141,-2.43445198800415,14509
"Terance Mann",12.7161913501438,-15.1545858724674,-2.43839452232362,21043
"Jalen Williams",7.37749935932207,-9.81829842085397,-2.4407990615319,28846
"Meyers Leonard",16.6321908890606,-19.1407904907153,-2.50859960165474,470
"Gradey Dick",12.5114471991847,-15.0481612121508,-2.53671401296609,11945
"Chris Duarte",9.55935414003921,-12.1012244120306,-2.54187027199136,7067
"Kyle Kuzma",8.8941235022743,-11.4401117541917,-2.54598825191741,27334
"Russell Westbrook",10.0636956712553,-12.6239384801346,-2.5602428088793,24488
"Josh Richardson",9.37867643813499,-12.0835235265117,-2.70484708837673,11499
"Cedi Osman",11.4144122119445,-14.1197254478826,-2.70531323593806,11622
"Ayo Dosunmu",10.0442649263627,-12.7854306500341,-2.74116572367148,23635
"Isaiah Collier",10.1656116156266,-12.9149130633321,-2.74930144770548,7738
"Klay Thompson",11.3931736016732,-14.1864060171402,-2.79323241546702,27625
"Devonte' Graham",10.042617574094,-12.8769720124834,-2.83435443838937,6917
"Reggie Jackson",9.38610952373897,-12.2312583717881,-2.8451488480491,15705
"DaQuan Jeffries",13.8394982267612,-16.6870701023136,-2.84757187555244,4506
"Marcus Morris Sr.",11.2863024279497,-14.1530856219854,-2.86678319403566,10664
"Thaddeus Young",10.7533788331335,-13.6537837078795,-2.90040487474604,4999
"Bojan Bogdanovic",12.4730208516053,-15.3923382632417,-2.91931741163633,13947
"Isaiah Roby",5.39038231907551,-8.34041298277126,-2.95003066369575,1999
"Yves Missi",9.27230925531934,-12.2394446649274,-2.9671354096081,8087
"Yuta Watanabe",11.0103963825742,-14.0201538623042,-3.00975747973001,5756
"Dalton Knecht",13.02259829938,-16.0918912847577,-3.06929298537762,6037
"Otto Porter Jr.",8.33076959719262,-11.402588217655,-3.07181862046237,1343
"Nathan Knight",10.3692622145739,-13.4538711270819,-3.08460891250795,1259
"Kevin Knox II",9.8155790506717,-12.9116861398602,-3.09610708918853,6751
"Brice Sensabaugh",13.0055911775832,-16.1438332644359,-3.13824208685272,8537
"Gary Trent Jr.",12.9881618320909,-16.1445265764516,-3.15636474436073,24808
"Theo Maledon",10.6468017076393,-13.8568677337729,-3.21006602613366,4473
"Dalen Terry",6.09577756902751,-9.33011831514428,-3.23434074611677,7941
"Craig Porter Jr.",13.46691473234,-16.7013116678739,-3.23439693553386,4715
"Kelly Oubre Jr.",9.49702916478504,-12.7501531433373,-3.25312397855224,23399
"Terry Rozier",9.93398243209354,-13.2570060908752,-3.32302365878164,24443
"Peyton Watson",5.97425498661639,-9.35347995611465,-3.37922496949826,13706
"Keon Johnson",9.70423824834338,-13.0995281209064,-3.39528987256305,9807
"Adam Flagler",-5.01038967893571,1.59850367546502,-3.41188600347069,884
"Tyrese Martin",9.31838922943459,-12.7324471213458,-3.41405789191118,5553
"Quenton Jackson",9.00516238175122,-12.47678025332,-3.47161787156874,2261
"JaVale McGee",5.7504641178991,-9.22966206687028,-3.47919794897117,2946
"Pat Spencer",7.56129999604023,-11.1645475093124,-3.60324751327219,1143
"Devin Vassell",9.65937982646869,-13.2703587599733,-3.61097893350457,22823
"Dejounte Murray",10.9636813549796,-14.6307776460874,-3.66709629110779,27365
"Jaden Springer",7.81116192267582,-11.4885283449868,-3.67736642231094,3965
"Tidjane Salaün",3.86498684294367,-7.59199965181032,-3.72701280886665,5000
"Cam Christie",13.5512148301585,-17.2863184606031,-3.73510363044466,239
"Bilal Coulibaly",7.84786416897973,-11.6421783560226,-3.79431418704286,15612
"Darius Bazley",9.1655412246582,-12.9814045158353,-3.81586329117708,3214
"Lindell Wigginton",10.3517570081248,-14.2736441962152,-3.92188718809038,399
"Paolo Banchero",10.3413133904625,-14.268896125826,-3.92758273536354,27806
"Evan Fournier",2.82533288668398,-6.76195062464125,-3.93661773795728,4304
"Lonnie Walker IV",11.3069045669135,-15.2435570585661,-3.93665249165263,11708
"Kira Lewis Jr.",7.28587424784625,-11.2279707600236,-3.94209651217738,2069
"Maxwell Lewis",4.54635701579162,-8.53404289995438,-3.98768588416276,1747
"Jamal Shead",8.17380043143085,-12.313570843068,-4.13977041163713,6076
"Dalano Banton",9.64782497339989,-13.8116880728627,-4.16386309946276,10047
"David Roddy",8.93302813617021,-13.1181958010483,-4.18516766487804,11902
"Precious Achiuwa",6.76437364308969,-10.9507599090313,-4.18638626594166,15892
"Trentyn Flowers",-10.0678777685603,5.78697197258117,-4.28090579597914,115
"Pat Connaughton",10.7559069924165,-15.0833120737976,-4.32740508138112,15542
"Cam Reddish",8.71451533360949,-13.1145200730609,-4.40000473945141,10744
"Johnny Juzang",10.0297987582433,-14.4688721765375,-4.4390734182942,7818
"P.J. Tucker",11.3479198698517,-15.8440140359578,-4.49609416610618,9855
"Baylor Scheierman",5.2568312741296,-9.80258987480246,-4.54575860067286,1496
"Jae Crowder",8.02373780190048,-12.5742447267643,-4.55050692486379,6710
"Tristan da Silva",9.97687630135863,-14.6461812872769,-4.66930498591828,6480
"Theo Pinson",12.2063120863113,-16.8781098596228,-4.67179777331151,1366
"Johnny Furphy",4.44408732327084,-9.11941141335343,-4.67532409008259,1621
"Joe Harris",11.6207320664114,-16.3024293486239,-4.68169728221248,7021
"Eugene Omoruyi",6.06823148965731,-10.790777671994,-4.72254618233666,4349
"Jack White",5.13407053399736,-9.86356036246312,-4.72948982846577,521
"Quinten Post",7.73828525382435,-12.5081559139865,-4.76987066016215,2833
"Sterling Brown",8.16707298201856,-12.9877877156878,-4.82071473366919,116
"Olivier-Maxence Prosper",2.84925853175942,-7.68270853861443,-4.833450006855,3891
"Jacob Gilyard",10.0383965919474,-14.897908195965,-4.85951160401756,2988
"Jeff Dowtin Jr.",8.72197901844811,-13.5870706906866,-4.8650916722385,4113
"Bradley Beal",8.67457548682672,-13.5855243807608,-4.91094889393404,21149
"Reggie Bullock Jr.",9.79461310387533,-14.7072047642884,-4.91259166041304,11268
"Jamal Cain",9.33646760938467,-14.2654884879972,-4.92902087861254,4136
"Torrey Craig",10.4016781185412,-15.3357219690024,-4.93404385046122,13485
"Kobe Brown",10.4151183099706,-15.3615759882248,-4.94645767825423,2706
"Alex Len",6.08701188028717,-11.0335014065013,-4.94648952621418,4148
"Jett Howard",7.64907644903941,-12.6422145751422,-4.99313812610282,3133
"Chuma Okeke",8.08548295571844,-13.1304206768053,-5.04493772108684,4646
"Nassir Little",9.67167155836089,-14.7455758879407,-5.07390432957977,5873
"Omer Yurtseven",6.96709188537568,-12.0545242276297,-5.08743234225405,2594
"Malachi Flynn",9.28752148561625,-14.3851068460937,-5.09758536047748,6541
"GG Jackson",8.06845468549279,-13.2162515495877,-5.14779686409494,6984
"Ryan Arcidiacono",-6.63893300101826,1.3684107610638,-5.27052223995446,922
"Noah Clowney",4.7151018424575,-10.0050725469528,-5.28997070449532,5685
"Keyonte George",10.5389131728173,-15.8401583537561,-5.30124518093883,17224
"Malaki Branham",9.81523373522297,-15.1266371298636,-5.31140339464065,15246
"Zaccharie Risacher",11.8697259057642,-17.1930955639878,-5.3233696582235,8015
"Moses Brown",7.14404019851386,-12.5519801053639,-5.40793990685006,2569
"Jonathan Mogbo",5.02953155576693,-10.6464110056463,-5.61687944987936,5399
"Kessler Edwards",10.2198073438597,-15.8545122448096,-5.63470490094984,5290
"Reed Sheppard",6.74260639531307,-12.3916143228577,-5.64900792754458,2820
"Taurean Prince",10.0777609054193,-15.7592156229576,-5.68145471753824,23082
"Greg Brown III",-0.086874273145354,-5.6070341431891,-5.69390841633445,574
"Doug McDermott",12.5580656834114,-18.2944101904499,-5.73634450703846,10895
"Amir Coffey",8.0265915900707,-13.7677880598611,-5.74119646979042,15763
"Skylar Mays",10.5591794582995,-16.3286111449059,-5.76943168660638,2583
"Jordan Hawkins",8.76089230056487,-14.5698613569391,-5.80896905637424,10307
"Stanley Umude",6.80134836501064,-12.7238893776576,-5.92254101264699,1677
"Jalen Green",10.9782612235739,-16.9219727213989,-5.94371149782501,32736
"Jaden Hardy",7.25889380892383,-13.338736457628,-6.0798426487042,10959
"Onuralp Bitim",7.31574124568432,-13.4009476573184,-6.0852064116341,1079
"Isaiah Livers",8.17790438804162,-14.2842761213795,-6.10637173333788,6877
"Xavier Moon",-8.55978384336997,2.39610749176345,-6.16367635160652,580
"Jarace Walker",6.36708679320059,-12.625645925523,-6.25855913232241,6454
"Bryce McGowens",6.09089648507403,-12.4541854285601,-6.36328894348604,7056
"Andre Jackson Jr.",8.55450826764341,-14.978650292294,-6.42414202465055,6489
"JaMychal Green",6.10288957896308,-12.6473308861754,-6.54444130721235,3411
"Austin Rivers",10.4839387560597,-17.1406126168846,-6.6566738608249,4290
"Jeff Green",9.14157416996493,-15.9006928495714,-6.75911867960645,11507
"Bones Hyland",7.49116883101907,-14.30149024176,-6.81032141074097,7607
"Julian Strawther",9.21732423635981,-16.0792833634257,-6.86195912706587,8130
"Nick Smith Jr.",6.05233493209855,-12.9158604613478,-6.86352552924924,8554
"Trey Alexander",3.00154175369986,-10.0269771664349,-7.02543541273505,495
"Jordan Nwora",9.77667998612797,-16.8538624374933,-7.07718245136533,8063
"Dariq Whitehead",6.33996136441617,-13.5801227680194,-7.24016140360323,1135
"Marques Bolden",7.49396263157048,-14.7620095814836,-7.26804694991307,493
"AJ Johnson",10.4040896530253,-17.7578181925771,-7.35372853955179,2641
"Ish Smith",7.43396761554698,-14.8021596240811,-7.36819200853409,4689
"Admiral Schofield",3.13566832400182,-10.511697763967,-7.37602943996514,2175
"Jamison Battle",8.69642784493518,-16.0742781635971,-7.37785031866189,4361
"Bub Carrington",6.06655244615728,-13.5126777039482,-7.44612525779093,10434
"Kevin McCullar Jr.",-7.84968761788974,0.361803620627972,-7.48788399726177,124
"Bryn Forbes",10.3954431800687,-17.8902823305446,-7.49483915047582,1134
"Jaylen Sims",9.30548688955237,-16.9429785994108,-7.63749170985839,459
"Usman Garuba",6.83353077587545,-14.5953030181526,-7.7617722422772,4139
"Hunter Tyson",1.44560195090328,-9.29087773018694,-7.84527577928366,1897
"Tristan Thompson",4.21241116153797,-12.0671287841408,-7.8547176226028,3532
"Seth Lundy",4.22715683415597,-12.2165061653039,-7.9893493311479,212
"Rayan Rupert",9.81770710501196,-17.9936293612513,-8.17592225623939,4566
"Wendell Moore Jr.",4.94017834774865,-13.1231530733604,-8.18297472561175,3055
"DeJon Jarreau",4.22267099961148,-12.5208659639476,-8.29819496433608,618
"Kendall Brown",-7.00282511149158,-1.52142090987078,-8.52424602136236,448
"Leonard Miller",-9.72855999738559,1.17475450835009,-8.5538054890355,358
"Justin Edwards",12.6200074663169,-21.2670212278684,-8.64701376155148,4733
"Darius Days",-0.96321262258571,-7.81861140731842,-8.78182402990413,101
"Mamadi Diakite",-2.79582892906769,-6.00733791490607,-8.80316684397376,775
"KJ Simpson",6.39311290269685,-15.2161810192749,-8.82306811657805,3425
"Johnny Davis",3.30277579012186,-12.2164595015302,-8.9136837114083,5451
"Kennedy Chandler",5.57373720407469,-14.5458452786049,-8.97210807453017,1178
"John Wall",2.18541894757985,-11.1648840352155,-8.97946508763561,3174
"Terquavion Smith",15.4116265975384,-24.5557045262155,-9.14407792867711,380
"Jordan Hall",2.28283296363381,-11.6387742007904,-9.35594123715663,340
"Nerlens Noel",-1.84445942133386,-7.54690459569709,-9.39136401703095,837
"James Wiseman",8.28708662771426,-17.7964818141716,-9.5093951864573,8216
"Serge Ibaka",1.40714374440088,-10.9325194340257,-9.52537568962487,752
"Jalen Hood-Schifino",9.16413537717623,-18.6941441067945,-9.53000872961828,1750
"Davon Reed",2.46975402734388,-12.0380277549745,-9.56827372763057,1421
"Cody Williams",3.01000169182752,-12.6602344278834,-9.65023273605589,4495
"Jamaree Bouyea",4.20400806990722,-13.9516196921184,-9.74761162221118,915
"John Butler Jr.",5.54549853220947,-15.6741686326888,-10.1286701004793,935
"Dewayne Dedmon",-1.25796186290045,-8.96443687145403,-10.2223987343545,1762
"Will Barton",4.30014299034537,-14.7165626370808,-10.4164196467354,4077
"Aleksej Pokusevski",4.96750605459981,-15.448257930035,-10.4807518754352,4593
"Pacôme Dadiet",13.1522791735791,-23.7276745363527,-10.5753953627735,453
"Damian Jones",2.08565061490101,-12.781986428676,-10.6963358137749,3098
"Jalen Bridges",4.88090976719931,-15.9360079294224,-11.0550981622231,119
"Ariel Hukporti",-0.385074647558628,-10.8270152980955,-11.2120899456541,893
"Gorgui Dieng",2.30821410359539,-14.028580704352,-11.7203666007566,1506
"Liam Robbins",-14.6513466088682,2.80225087550046,-11.8490957333678,239
"Marcus Bagley",4.73954901112632,-16.7448750512194,-12.0053260400931,1067
"Matthew Dellavedova",-2.26787572287023,-9.78027123802069,-12.0481469608909,913
"Kobe Bufkin",-5.47978613402223,-6.71822849198665,-12.1980146260089,1356
"Malik Williams",0.862342979351998,-13.1071559436517,-12.2448129642997,436
"Thanasis Antetokounmpo",6.07911270158702,-18.5233571886322,-12.4442444870452,1499
"Danny Green",4.76018629859124,-17.3068226564979,-12.5466363579067,646
"Isaac Jones",4.60373959318238,-17.3475754525059,-12.7438358593235,1281
"McKinley Wright IV",2.55686628043819,-15.5303535007137,-12.9734872202755,1370
"JD Davison",-4.1215619298871,-9.18948308319265,-13.3110450130798,790
"Mason Jones",-1.16010794572881,-12.2865979987447,-13.4467059444735,297
"Chris Livingston",-3.0490608601394,-10.4043579168391,-13.4534187769785,827
"Trent Forrest",3.32992979855312,-16.9472723557659,-13.6173425572128,2801
"Tyson Etienne",10.4629875424998,-24.0878337703218,-13.624846227822,647
"Keion Brooks Jr.",6.83416319500059,-20.5687406425223,-13.7345774475217,1391
"Spencer Jones",0.870726838175389,-14.7707851204522,-13.9000582822768,519
"Robin Lopez",0.723860172308211,-14.9606994293313,-14.2368392570231,1473
"Tristen Newton",-13.0571380870147,-1.48331966826353,-14.5404577552782,75
"Udonis Haslem",5.20926209853851,-19.7512020689564,-14.5419399704179,302
"Timmy Allen",0.847059830063833,-15.3937285391504,-14.5466687090865,517
"Udoka Azubuike",6.57107113204917,-21.3647600770582,-14.793688945009,2005
"Ibou Badji",0.6809323127165,-15.8179485365823,-15.1370162238658,922
"Nathan Mensah",0.862611072000568,-16.0515367766602,-15.1889257046596,1252
"Marcus Garrett",-5.91401468414777,-9.2998153813642,-15.213830065512,316
"Damion Baugh",4.20384802704609,-19.504802734798,-15.3009547077519,1496
"Jack McVeigh",-21.0631027979571,5.74510763204263,-15.3179951659145,191
"Jalen Slawson",12.1529064199999,-28.5182394785248,-16.3653330585249,140
"Josh Christopher",7.05020141921425,-23.7641499579272,-16.713948538713,3548
"Javonte Smart",-104.654736407897,86.7076596490674,-17.9470767588294,2
"Bronny James",3.4073918027494,-21.5837226661491,-18.1763308633997,727
"Keyontae Johnson",-0.445166064351565,-18.3953845157738,-18.8405505801253,268
"Jacob Toppin",-1.90750041169469,-17.1106729488597,-19.0181733605544,455
"Kylor Kelley",11.7046632296666,-31.1346591755469,-19.4299959458803,537
"Taze Moore",-14.7749069636549,-4.78256239353286,-19.5574693571877,268
"Braxton Key",-5.18088439731658,-14.470834545761,-19.6517189430776,344
"PJ Dozier",-1.2850995919401,-18.8878079331202,-20.1729075250603,471
"Mouhamadou Gueye",-15.0613615182897,-6.90412500780817,-21.9654865260978,493
"Anton Watson",8.23600360326301,-30.3160520472523,-22.0800484439892,103
"Vernon Carey Jr.",-23.4411327459306,1.27385665975841,-22.1672760861722,117
"Emoni Bates",1.36692534875604,-23.6522604976243,-22.2853351488683,849
"Emanuel Miller",4.68305409243293,-27.8388580482425,-23.1558039558096,104
"Isaiah Thomas",9.14099897325935,-33.1683034005703,-24.0273044273109,76
"Alex Ducas",0.765458758967164,-24.9111274185282,-24.145668659561,515
"Xavier Sneed",-8.1840263811255,-16.5981852217671,-24.7822116028926,199
"Miles Norris",-13.4240636029312,-11.9225561810959,-25.3466197840271,125
"Michael Carter-Williams",4.1763053910097,-29.95976208201,-25.7834566910002,177
"Isaiah Todd",-17.7696125161175,-8.51121431881489,-26.2808268349324,268
"Harry Giles III",0.364582427965787,-26.8033356903106,-26.4387532623448,412
"Alondes Williams",-16.8207746197509,-11.0831505980221,-27.903925217773,108
"Jay Scrubb",13.2654939442025,-41.4616540734582,-28.1961601292557,124
"Jaylen Martin",-6.05069753494809,-23.7435159131213,-29.7942134480694,978
"Alex Fudge",-6.71993877295619,-23.8442051363454,-30.5641439093016,166
"Armel Traoré",-10.6815166110916,-21.6176150652831,-32.2991316763748,274
"D'Moi Hodge",-2.23543995682183,-30.1676449693849,-32.4030849262068,164
"Frank Jackson",-15.3812872805807,-17.4836715274305,-32.8649588080112,19
"Ulrich Chomche",2.50919322744937,-36.9223940307441,-34.4132008032947,123
"Jermaine Samuels Jr.",1.21778399994714,-39.2690877861713,-38.0513037862241,262
"Daniss Jenkins",-7.02737169675816,-33.0172191294831,-40.0445908262413,86
"Justin Jackson",-29.4254687891549,-14.9478936458824,-44.3733624350373,439
"Chima Moneke",-12.6212431912812,-32.7089058435625,-45.3301490348437,34
"Yuri Collins",-21.5174777176516,-26.8136256728231,-48.3311033904747,68
"Chance Comanche",5.6874972611383,-58.791482298966,-53.1039850378277,84
"Riley Minix",-3.80459908736377,-51.8884800488247,-55.6930791361885,29
"Malevy Leons",-29.3490636159485,-35.9835183281777,-65.3325819441261,82
"Quincy Olivari",-28.7996598353222,-48.0438808804904,-76.8435407158126,43
"Jesse Edwards",0.670475210461245,-84.3893427977802,-83.718867587319,20
"Michael Foster Jr.",-103.101040242528,7.13078662953215,-95.9702536129963,4
"Trevor Keels",-60.6174740528847,-44.1101789202074,-104.727652973092,35
