"player","orapm","drapm","rapm","poss"
"Shai Gilgeous-Alexander",4.82291267860062,3.34618873605727,8.16910141465789,32156
"Nikola Jokic",7.1010343442254,0.777891664016973,7.87892600824238,31599
"Giannis Antetokounmpo",5.50762069400447,1.76305334317209,7.27067403717656,28925
"Franz Wagner",2.77506761528039,2.89249134208948,5.66755895736987,28591
"Herbert Jones",2.21660761314182,3.20140648941248,5.4180141025543,20207
"Kawhi Leonard",4.02143388920507,1.37552197061234,5.39695585981741,21364
"Draymond Green",1.54330339390865,3.64173626719126,5.18503966109991,24579
"Kyrie Irving",4.11157193867463,1.01674409629559,5.12831603497021,25082
"Isaiah Hartenstein",2.56243552767138,2.35266822778175,4.91510375545312,21075
"Luka Doncic",4.05056765138528,0.549098799432734,4.59966645081801,28035
"Ja Morant",2.19801634536961,2.24826743621439,4.44628378158401,16206
"Dorian Finney-Smith",2.57873816900367,1.86044154108169,4.43917971008536,23222
"Derrick White",2.56382094144972,1.77380298410893,4.33762392555865,29960
"Victor Wembanyama",-0.227806341096929,4.50438269290959,4.27657635181266,15403
"Fred VanVleet",2.42365297986921,1.77494720021926,4.19860018008847,29911
"Donovan Mitchell",2.63591163621765,1.53514266677964,4.17105430299729,27222
"Chet Holmgren",2.62261892776317,1.54160521779811,4.16422414556128,14069
"Tobias Harris",1.82266277573298,2.24045736584101,4.063120141574,29047
"Alex Caruso",0.480054327251359,3.50428326370229,3.98433759095365,19140
"Brandin Podziemski",1.17499309120957,2.78677422939983,3.9617673206094,15191
"Steven Adams",2.59186862874214,1.35101528411332,3.94288391285546,7973
"Kevin Durant",3.00264584701332,0.838262376137976,3.8409082231513,27793
"Jordan McLaughlin",1.31206898742562,2.42103041367408,3.7330994010997,6792
"Dean Wade",0.933644885980258,2.69952688744596,3.63317177342622,13364
"Al Horford",2.35610914711722,1.27122629342593,3.62733544054315,21731
"Jimmy Butler",3.43736571090756,0.180316416982752,3.61768212789032,23910
"Jayson Tatum",2.52781616785837,1.08286950325492,3.61068567111329,32793
"Aaron Gordon",1.71266638989203,1.87260085877516,3.58526724866719,23916
"Lonzo Ball",0.998852708853026,2.48560645722196,3.48445916607499,3376
"Stephen Curry",5.17114573623301,-1.73890089719078,3.43224483904223,28119
"AJ Green",0.40532327582892,2.99156675582233,3.39689003165125,10820
"Gui Santos",2.0343934672218,1.36043012349749,3.3948235907193,3878
"Tyrese Haliburton",4.5971781679893,-1.20764757372827,3.38953059426103,27622
"Isaiah Joe",2.09416926483696,1.2883474854415,3.38251675027845,18659
"James Harden",3.25434465436315,-0.0176297602683705,3.23671489409478,29841
"Dereck Lively II",2.21139732134236,0.980225040103083,3.19162236144544,8881
"Ivica Zubac",1.07489570554863,2.115222624959,3.19011833050763,26815
"Anthony Davis",1.28697140746433,1.87824694477342,3.16521835223775,26402
"Luke Kornet",2.74935046411551,0.400008669620139,3.14935913373565,12606
"Anthony Edwards",2.38518068424162,0.654284637586308,3.03946532182793,34929
"Alperen Sengun",2.48101131742988,0.537007419202002,3.01801873663188,27272
"Jarrett Allen",2.71443127970421,0.301100813523077,3.01553209322728,28521
"Lauri Markkanen",2.6019091507981,0.361099500786437,2.96300865158454,23421
"Zion Williamson",2.54832240569022,0.407734077977243,2.95605648366747,16886
"Pascal Siakam",1.50342162112523,1.42027290973766,2.92369453086289,32558
"Joel Embiid",0.314024555540378,2.54162896100115,2.85565351654153,17010
"Paul George",1.4192520215498,1.42907471891661,2.84832674046641,23527
"Rudy Gobert",-0.385025453197274,3.16421733392257,2.77919188072529,29157
"OG Anunoby",0.894529304277951,1.85814510659524,2.75267441087319,27600
"Toumani Camara",0.52026821915641,2.13952236966759,2.659790588824,17626
"Devin Booker",3.67395528773706,-1.0278044930438,2.64615079469326,29105
"Davion Mitchell",0.454497986504569,2.17408156189856,2.62857954840313,18735
"Chris Paul",2.39608521536795,0.221482803984159,2.61756801935211,23471
"Nicolas Batum",0.230993991654414,2.37952095422031,2.61051494587473,18961
"Jusuf Nurkic",1.05763774669443,1.52655601143583,2.58419375813026,18751
"Deni Avdija",2.60787799565852,-0.0449047691144884,2.56297322654403,27017
"Keon Ellis",1.00264412515951,1.558059607671,2.56070373283051,12186
"Amen Thompson",0.646164770339489,1.89377626855006,2.53994103888955,15053
"Jrue Holiday",0.494664332880449,2.02512791837039,2.51979225125084,26318
"Aaron Wiggins",3.15405210521285,-0.642833839816144,2.51121826539671,17907
"Myles Turner",2.35472904434115,0.146719555383982,2.50144859972513,25447
"Rui Hachimura",0.958133097179806,1.53854956055584,2.49668265773565,21571
"Damian Lillard",3.07998898150305,-0.5866777449865,2.49331123651655,28309
"Jamal Murray",4.28728737881289,-1.80239602442328,2.48489135438961,26365
"Norman Powell",0.995349191743717,1.48810992563864,2.48345911738236,22882
"Sam Hauser",2.07909232296954,0.396131954176751,2.47522427714629,18549
"Day'Ron Sharpe",0.642458846389237,1.83017098816244,2.47262983455168,9599
"Evan Mobley",0.656533153609646,1.80956535912489,2.46609851273454,26374
"Josh Hart",2.71079895151846,-0.263544078456216,2.44725487306224,32565
"Kentavious Caldwell-Pope",0.430910794988799,1.98743023615688,2.41834103114568,28740
"Tari Eason",0.885580743152858,1.50775555663946,2.39333629979231,15301
"De'Anthony Melton",2.51283627209931,-0.14074936309493,2.37208690900438,13431
"Chris Boucher",2.16241294219516,0.209209619818372,2.37162256201354,12570
"Karl-Anthony Towns",2.90492459481256,-0.53342176634071,2.37150282847185,22645
"Kenrich Williams",1.12274457178079,1.24715310445323,2.36989767623402,13978
"Kris Dunn",1.08625251325882,1.26347555543443,2.34972806869326,15045
"D'Angelo Russell",1.94625145280914,0.402446511634365,2.34869796444351,26276
"Jock Landale",1.45823353632573,0.87245203599973,2.33068557232546,9376
"Nickeil Alexander-Walker",0.757365728021598,1.57316814425437,2.33053387227597,20111
"Jalen Brunson",4.24149392066451,-1.95498187375839,2.28651204690612,29796
"Brandon Clarke",0.948220703814278,1.33074468733261,2.27896539114688,10421
"Zach Edey",2.23215315260075,0.0460940076182108,2.27824716021896,6119
"Jae'Sean Tate",-0.630634949876102,2.88928137782579,2.25864642794968,9548
"Jevon Carter",0.0939282636960999,2.13001019571441,2.22393845941051,13104
"Miles McBride",0.172476607602233,2.0375145836943,2.20999119129653,14826
"Jaren Jackson Jr.",0.935624136620516,1.2532929540779,2.18891709069841,25971
"Bogdan Bogdanovic",1.63375820593297,0.532759542752759,2.16651774868573,21903
"Monte Morris",1.53284418065768,0.61887967892672,2.1517238595844,11277
"Josh Okogie",-0.350985338282583,2.47610967047956,2.12512433219698,12093
"Tyrese Maxey",3.87798650514778,-1.76415307930895,2.11383342583884,26766
"Isaac Okoro",0.865633884028097,1.23517195571898,2.10080583974708,18682
"Cade Cunningham",1.66368059834681,0.423564605136033,2.08724520348285,20684
"Kevin Huerter",1.99764783743627,0.0767432475154055,2.07439108495167,22811
"Christian Braun",1.90953716306743,0.160399261521775,2.0699364245892,22719
"DeMar DeRozan",2.16389581553625,-0.0952863828144831,2.06860943272177,34557
"Darius Garland",3.490673918507,-1.46752477583628,2.02314914267071,27179
"John Collins",1.59831934351116,0.375231243777256,1.97355058728842,22156
"Ryan Rollins",0.234587364056136,1.73018542046321,1.96477278451935,4015
"Mouhamed Gueye",-0.0336245343115418,1.99657870486901,1.96295417055747,2609
"LeBron James",1.995568308414,-0.0491125112945068,1.94645579711949,29037
"Tre Jones",1.36042637238787,0.572909121405853,1.93333549379372,21381
"Tyler Herro",2.61184228433731,-0.690352397979572,1.92148988635774,26145
"Sam Merrill",0.387821771960875,1.52112787620218,1.90894964816306,10352
"Tony Bradley",0.547298891533341,1.35135588157054,1.89865477310388,636
"Kevon Looney",1.10320558083848,0.769206534419442,1.87241211525792,17802
"Julian Phillips",0.647871316393027,1.19750280381522,1.84537412020825,6104
"Svi Mykhailiuk",1.62657582600171,0.189561754083682,1.81613758008539,6814
"Kristaps Porzingis",1.5473025742206,0.263988420711035,1.81129099493163,20773
"Mitchell Robinson",1.43723813366445,0.347802605836724,1.78504073950118,10570
"Brook Lopez",-0.0262705985174556,1.81127205456123,1.78500145604377,30800
"Moussa Diabaté",0.325154660522899,1.43709274921769,1.76224740974059,5998
"Cameron Payne",1.48475727148013,0.277370510376567,1.7621277818567,13921
"Immanuel Quickley",-0.2967864098543,2.04580624607044,1.74901983621614,21512
"Goga Bitadze",1.01067224715795,0.692489147748315,1.70316139490627,11364
"Robert Covington",0.292311935040988,1.39151213639079,1.68382407143178,5199
"Cameron Johnson",1.99095358430442,-0.337374514538862,1.65357906976555,18643
"Kevin Love",0.747581772581223,0.897059950194202,1.64464172277543,9865
"Aaron Nesmith",2.74162875497968,-1.09999438673768,1.641634368242,20739
"Lamar Stevens",0.102335465277247,1.53046374734108,1.63279921261832,7361
"Donovan Clingan",-0.10234776090749,1.7292898177766,1.62694205686911,5550
"Desmond Bane",1.76967210310924,-0.144122276068784,1.62554982704045,23393
"Malik Beasley",0.910700321370433,0.690168086139305,1.60086840750974,28353
"Daniel Gafford",1.67261729918524,-0.0773076549105498,1.59530964427469,19526
"Luguentz Dort",2.49239225469401,-0.904447394276987,1.58794486041703,27905
"Mike Conley",1.90843304104365,-0.325734643292821,1.58269839775083,24435
"Austin Reaves",2.71729061251236,-1.14189673992104,1.57539387259131,29400
"Dante Exum",1.39222818131424,0.173333087583783,1.56556126889803,6118
"Delon Wright",-0.673341639682476,2.23519508853673,1.56185344885425,10643
"John Konchar",0.0640710025093877,1.47956013670477,1.54363113921416,13483
"Jared Rhoden",1.45201850695162,0.0829768625072593,1.53499536945888,2764
"Bam Adebayo",-0.038224298383071,1.56816164126631,1.52993734288324,30916
"Julius Randle",2.15026168706121,-0.621717822553908,1.5285438645073,26776
"Neemias Queta",2.02991065202866,-0.503594597477478,1.52631605455118,4816
"Domantas Sabonis",2.18153521214751,-0.695431905726429,1.48610330642108,33546
"Hamidou Diallo",0.280342425089358,1.1992750342313,1.47961745932066,4207
"Gary Payton II",1.19701802788446,0.243400840115936,1.4404188680004,8173
"Dennis Smith Jr.",-0.935686851184902,2.37068993575636,1.43500308457146,10074
"T.J. Warren",0.177144120835775,1.25551120296273,1.4326553237985,3398
"Aaron Holiday",-0.519994737763666,1.94885941020039,1.42886467243673,12147
"Dyson Daniels",0.48609023404692,0.936824206550862,1.42291444059778,21005
"Jalen Johnson",-0.406528823884955,1.82069895049915,1.41417012661419,18117
"LaMelo Ball",3.52897468602316,-2.11983971163438,1.40913497438878,14792
"Naji Marshall",0.323449312875833,1.07964875500449,1.40309806788032,20640
"Payton Pritchard",1.08338509590888,0.311289678714986,1.39467477462387,18939
"Onyeka Okongwu",1.87424931129831,-0.494336606184437,1.37991270511387,22605
"Paul Reed",0.89900942077227,0.476327477129425,1.3753368979017,11316
"RayJ Dennis",0.277988811364699,1.087494119315,1.3654829306797,298
"Alex Reese",1.02177927744768,0.322161340278671,1.34394061772635,920
"Jose Alvarado",0.31253416522826,1.02669197365184,1.3392261388801,15313
"Derrick Jones Jr.",0.23211249205746,1.10430300206188,1.33641549411934,18958
"Dillon Brooks",-0.231975620588564,1.56657537960143,1.33459975901286,28248
"Jonathan Isaac",-0.666097291811428,1.97938765117443,1.313290359363,8596
"Ty Jerome",2.4052022554971,-1.09513722982209,1.31006502567501,9299
"Christian Koloko",-0.787401900604616,2.07416826864705,1.28676636804244,4702
"Elijah Harkless",0.328016729812617,0.949844662681613,1.27786139249423,569
"Jalen Suggs",-0.601604003846871,1.87278079683777,1.2711767929909,17635
"Drew Peterson",0.666781229390941,0.604005002903961,1.2707862322949,821
"Devin Carter",0.500939810902115,0.768691945328926,1.26963175623104,1620
"Jakob Poeltl",1.29866214277984,-0.0445991309419236,1.25406301183792,20468
"Ish Wainright",-0.194023610092362,1.44401223279506,1.2499886227027,4065
"Keegan Murray",0.50468652803535,0.744682781690566,1.24936930972592,31526
"Donte DiVincenzo",1.02426690313201,0.20292556224561,1.22719246537762,24213
"Naz Reid",0.095703849781695,1.09355140184188,1.18925525162358,22438
"Jaylen Brown",2.44705741294163,-1.2625962070107,1.18446120593093,28644
"Michael Porter Jr.",2.28409846769322,-1.11705833145606,1.16704013623715,28750
"Jaylen Wells",1.86526489833594,-0.702085707295224,1.16317919104071,8856
"Sidy Cissoko",-1.29875209063332,2.452180440333,1.15342834969968,1074
"Dwight Powell",1.10435111689011,0.0440893741417041,1.14844049103181,11648
"Oscar Tshiebwe",1.24879014093484,-0.101485406618935,1.14730473431591,1230
"Terry Taylor",0.130095873092436,1.00086651091253,1.13096238400497,1904
"De'Andre Hunter",2.03184146211218,-0.915616955834713,1.11622450627747,23468
"Scottie Barnes",0.19892350004298,0.912007568632408,1.11093106867539,28683
"Tyler Smith",-0.0191275627070381,1.12219964599857,1.10307208329153,510
"Guerschon Yabusele",1.68373744231978,-0.582522905784403,1.10121453653538,7589
"Caris LeVert",0.426110392112017,0.664754505818006,1.09086489793002,23729
"Oso Ighodaro",-1.10593221031664,2.1947742300223,1.08884201970565,4257
"Gary Harris",1.31386982104021,-0.246630271195654,1.06723954984455,13015
"Cole Swider",0.0865687277424671,0.923716233119311,1.01028496086178,1254
"Frank Ntilikina",0.637259257024196,0.364909235632441,1.00216849265664,2701
"Khris Middleton",1.75326841946932,-0.758292946858012,0.994975472611312,13398
"De'Aaron Fox",1.27704533661488,-0.282199701588658,0.994845635026222,31030
"Nikola Jović",0.233390306729744,0.740469166492,0.973859473221744,9150
"Alec Burks",0.689495357029181,0.276091575578399,0.965586932607581,13212
"Landry Shamet",-0.133236492160954,1.09398224285723,0.960745750696277,9566
"Coby White",1.7647052610915,-0.835768787049668,0.928936474041829,29434
"Yuki Kawamura",0.460863735164591,0.467403497589555,0.928267232754146,395
"Robert Williams III",-0.632480493484963,1.55945543641529,0.926974942930328,5343
"Daeqwon Plowden",-0.21142892536643,1.12113421571722,0.909705290350792,297
"Damion Lee",-0.766471870344426,1.6740241357116,0.907552265367173,6865
"Cody Martin",-0.718218464855673,1.62576861379634,0.907550148940672,8470
"Trae Young",2.74997780040173,-1.8479731640085,0.902004636393233,31221
"Joe Ingles",1.89589656745316,-1.00002855629247,0.895868011160695,9616
"Anthony Gill",-0.212599550637207,1.10457477113079,0.891975220493586,6187
"Ajay Mitchell",-0.668097659867912,1.54446540429712,0.87636774442921,2448
"Dereon Seabron",0.320818317655717,0.554707436959012,0.875525754614729,277
"Harrison Ingram",0.382638000396043,0.451898832841245,0.834536833237289,151
"Jalen Pickett",-0.162097403985523,0.991240147142933,0.829142743157409,3188
"Cam Spencer",1.14267937068646,-0.321301600564883,0.821377770121574,1063
"Mikal Bridges",0.43345602476125,0.384709168540851,0.818165193302101,36079
"Royce O'Neale",-0.117396003367796,0.920155435603438,0.802759432235642,25431
"Haywood Highsmith",-0.722192728567618,1.52210396407003,0.799911235502417,16719
"Marcus Smart",-0.74512131353307,1.54349275891629,0.798371445383222,13738
"Luke Kennard",2.517811847239,-1.72090318122495,0.796908666014046,15861
"Clint Capela",0.0458582535370808,0.741825460497233,0.787683714034314,20381
"Ausar Thompson",-0.478920446649837,1.26616597905937,0.787245532409529,12228
"Cory Joseph",0.805157466540291,-0.0287272686967057,0.776430197843585,8713
"Larry Nance Jr.",-0.537251453214186,1.26259174491524,0.725340291701049,12662
"Jackson Rowe",0.471821278068224,0.249187687698343,0.721008965766567,223
"Vasilije Micic",-0.424278544353392,1.13654164991299,0.712263105559595,7904
"Jay Huff",0.00873058386684271,0.701371677842177,0.71010226170902,3872
"Armoni Brooks",0.922389833445939,-0.212296222047676,0.710093611398263,422
"Buddy Boeheim",0.156970432607825,0.552170290926647,0.709140723534472,709
"Rudy Gay",0.0880526466716009,0.600945311122933,0.688997957794534,3457
"Oshae Brissett",1.01452716964512,-0.339905998997581,0.674621170647544,7723
"Maxi Kleber",-0.289765248587174,0.953656438917227,0.663891190330053,10056
"Sandro Mamukelashvili",0.422789792607756,0.21613880194018,0.638928594547936,7506
"Jalen Smith",1.11491620296122,-0.483469008098166,0.631447194863053,14080
"Mike Muscala",0.231646455368112,0.399714721297758,0.63136117666587,6560
"David Duke Jr.",0.324160176980942,0.306164634591424,0.630324811572366,1304
"Chimezie Metu",-0.200712697263061,0.829821833590647,0.629109136327586,6500
"Montrezl Harrell",0.0820260062118623,0.533381030740068,0.615407036951931,2831
"Jason Preston",0.459609479185477,0.146430667437878,0.606040146623355,813
"Blake Griffin",0.0622539906326116,0.530990583214377,0.593244573846989,2357
"Isaiah Stewart",-1.16394539289836,1.75676882590389,0.592823433005529,17827
"Furkan Korkmaz",-0.0293548476558114,0.612586987364501,0.58323213970869,2730
"Isaiah Jackson",0.198228561271945,0.370260943365052,0.568489504636997,8074
"Kevon Harris",0.222066660549262,0.332828113464181,0.554894774013443,1912
"Kevin Porter Jr.",-0.773249908093269,1.32344899990861,0.550199091815343,14525
"Jared McCain",0.194798057145714,0.354343056601025,0.549141113746739,2393
"Anthony Lamb",0.194422941698728,0.352051314445755,0.546474256144483,5009
"Zach LaVine",1.27325903651232,-0.730217154252021,0.543041882260297,25874
"Dru Smith",-1.37188353657868,1.90671247062199,0.534828934043312,2286
"Patrick Baldwin Jr.",-0.074990374987169,0.602214835603985,0.527224460616816,3523
"Marvin Bagley III",0.246105388060086,0.263678260988559,0.509783649048645,9669
"Andre Iguodala",0.300683576044174,0.209062866299174,0.509746442343348,495
"P.J. Washington",0.132733164868565,0.375809301324223,0.508542466192787,27131
"Edmond Sumner",0.377368429628863,0.122985471894449,0.500353901523312,3076
"Pelle Larsson",-0.0877760095901322,0.553213133136009,0.465437123545877,3153
"Jarred Vanderbilt",1.17930528513827,-0.721991476817255,0.45731380832102,12718
"Jaylen Clark",0.556929367654019,-0.113200965043587,0.443728402610433,2165
"Jerome Robinson",-0.0304189267947267,0.468775764612166,0.438356837817439,337
"Rodney McGruder",0.30350541287535,0.122110392595059,0.425615805470408,2171
"Dennis Schroder",0.659712858796647,-0.234779750455477,0.42493310834117,27141
"Leaky Black",-0.0118782657318023,0.435258081183982,0.423379815452179,1158
"Matisse Thybulle",-1.15606770516376,1.57637479396549,0.420307088801729,12408
"Gabe Vincent",-0.714758643496664,1.12991710188329,0.415158458386624,14291
"Grayson Allen",1.77834817573326,-1.36367295639053,0.414675219342735,25135
"Gabe York",0.327259216916175,0.0847625199745976,0.412021736890773,233
"Kris Murray",-1.66821439714077,2.07056593644786,0.402351539307086,9855
"Brandon Ingram",0.658347687152193,-0.262073441621486,0.396274245530706,17286
"Saddiq Bey",2.74096197809972,-2.35054413261156,0.390417845488159,17608
"Ja'Kobe Walter",0.530942004616652,-0.142195424358209,0.388746580258443,4569
"Xavier Cooks",0.299711503417142,0.0863929217068665,0.386104425124008,560
"Isaiah Crawford",-0.00230578613433206,0.387094394486896,0.384788608352564,185
"Jules Bernard",0.189532505740808,0.18999561797491,0.379528123715718,636
"Kel'el Ware",0.446381962781309,-0.0672537223680433,0.379128240413266,5793
"T.J. McConnell",0.933658546180673,-0.554934230630655,0.378724315550019,17973
"Cole Anthony",0.229626637769354,0.147324447426269,0.376951085195622,18642
"Amari Bailey",0.237300051413126,0.136657624889437,0.373957676302563,261
"Wendell Carter Jr.",-0.791261883945693,1.1608590065471,0.369597122601402,19687
"Jaylin Williams",0.27120006392233,0.0841068206220802,0.355306884544411,10817
"Kai Jones",-0.0997877938279621,0.433459309840514,0.333671516012552,4197
"CJ McCollum",1.94282270939181,-1.6093594307405,0.333463278651305,27510
"Phillip Wheeler",0.0207123074769195,0.292359157873336,0.313071465350255,176
"Carlik Jones",0.131713337177583,0.181303597569354,0.313016934746938,233
"Willy Hernangomez",-0.157535729483128,0.467502402613548,0.30996667313042,1956
"Nae'Qwan Tomlin",-0.434621185698704,0.736163731998867,0.301542546300163,272
"Boban Marjanovic",-0.119024690272292,0.417763883345476,0.298739193073184,990
"Walker Kessler",-0.492116461326653,0.782162738687799,0.290046277361146,20597
"Jordan Ford",0.180274946742545,0.108924124290328,0.289199071032872,85
"Karlo Matković",0.0541876872151493,0.234821450147631,0.28900913736278,3315
"Obi Toppin",2.39675121739109,-2.11578247007773,0.28096874731336,18367
"Moritz Wagner",0.283004024189766,-0.0074769823117127,0.275527041878053,12764
"Wenyen Gabriel",-0.433742783514865,0.703760647514723,0.270017863999858,4667
"Terence Davis",0.230850459668293,0.0367845051431115,0.267634964811404,3632
"Alize Johnson",0.0962378920111324,0.16852944313971,0.264767335150843,123
"Cui Yongxi",-0.0297779810387125,0.292115395716364,0.262337414677651,45
"Facundo Campazzo",-0.0992023627818331,0.350465624521922,0.251263261740089,207
"Branden Carlson",0.317430584548085,-0.0779615228421047,0.239469061705981,1028
"Daniel Theis",0.800893865705161,-0.563325262801991,0.23756860290317,7249
"Luka Samanic",-0.497393898024114,0.730422731566936,0.233028833542822,2402
"Cody Zeller",0.214060978091982,0.00827586793212933,0.222336846024111,2242
"Thomas Bryant",0.56639566632787,-0.344304095863139,0.222091570464731,10366
"Jarrell Brantley",0.00785886777111483,0.212570108861366,0.220428976632481,159
"Mason Plumlee",1.51134708605867,-1.29267484311952,0.218672242939156,16807
"Kelly Olynyk",1.31918674696589,-1.10391202662295,0.21527472034294,19204
"Isaiah Wong",-1.52898343591187,1.73311518004734,0.204131744135471,1088
"Malcolm Brogdon",-0.0171714094347382,0.200501537008216,0.183330127573478,14202
"Marko Simonovic",0.0236480993812489,0.157409316489185,0.181057415870434,89
"Julian Champagnie",0.703125548157656,-0.523173640617191,0.179951907540465,15766
"Joshua Primo",0.0351353176522774,0.138249498128672,0.173384815780949,444
"Jalen Bridges",-0.199308305728032,0.369853671526624,0.170545365798591,119
"Markquis Nowell",0.0360660214076299,0.130338127050572,0.166404148458202,14
"Cason Wallace",0.0715362027134565,0.0908684483291546,0.162404651042611,14947
"Henri Drell",0.174413803113766,-0.0155358229189471,0.158877980194819,133
"Jahlil Okafor",0.052167189463281,0.105045986137709,0.15721317560099,15
"Mac McClung",0.146765888598377,0.00740686572575476,0.154172754324132,221
"Maozinha Pereira",-0.481846816665459,0.632679461670616,0.150832645005157,504
"Adama Sanogo",0.00802451811437029,0.133321340489977,0.141345858604347,366
"Justise Winslow",-0.30301384670445,0.441878327890704,0.138864481186255,3158
"Trevor Hudgins",0.0131486488587518,0.124237193607177,0.137385842465929,111
"Malcolm Cazalon",0.126005798673562,0.00896368528479667,0.134969483958359,11
"Filip Petrusev",0.0293022706373798,0.102645635832737,0.131947906470116,36
"Ron Harper Jr.",0.220911117915845,-0.10438740657512,0.116523711340725,274
"Donovan Williams",0.03752299143872,0.0767523064205184,0.114275297859238,19
"Nate Hinton",-0.0800234139751444,0.190487776133256,0.110464362158112,339
"Jazian Gortman",-0.348794397477678,0.457533203102956,0.108738805625279,248
"Deonte Burton",0.113736314129184,-0.00517353489329305,0.10856277923589,29
"Jordan Schakel",0.0526957375401613,0.0539498593674118,0.106645596907573,22
"Kemba Walker",0.0796852249464415,0.0239758579099827,0.103661082856424,573
"Trey Lyles",0.380828226450049,-0.284426252441604,0.0964019740084451,15609
"Malik Monk",1.09334340654016,-0.997086135268836,0.0962572712713227,23792
"Andrew Funk",0.0220188570538994,0.0687487824661334,0.0907676395200328,55
"RaiQuan Gray",0.441791496762057,-0.353869389517063,0.0879221072449936,304
"Keaton Wallace",-0.924205040880142,1.01027192727078,0.0860668863906382,2100
"Bobi Klintman",0.433117442298535,-0.352271790934974,0.0808456513635613,165
"Tolu Smith",0.069016196832919,0.0117214095555474,0.0807376063884663,89
"Danuel House Jr.",0.0897284122885251,-0.0110179640148027,0.0787104482737224,5447
"Harrison Barnes",2.2930973849753,-2.21483259940815,0.0782647855671468,30425
"Shaquille Harrison",0.100383825427033,-0.0259546668847516,0.0744291585422811,530
"Malcolm Hill",-0.0122142891805036,0.0862434617409084,0.0740291725604048,42
"Olivier Sarr",0.0382758152505751,0.035715172894249,0.0739909881448241,875
"Keshad Johnson",-0.372092298450077,0.443855398022662,0.0717630995725851,418
"James Johnson",-0.189913213187063,0.258652520508905,0.068739307321842,1024
"Jalen Crutcher",0.0139354205911552,0.0540932221370665,0.0680286427282217,9
"Louis King",0.167025392943973,-0.101909190124368,0.0651162028196048,124
"Izaiah Brockington",0.0721829665345456,-0.00720389429646988,0.0649790722380757,16
"Isaiah Stevens",-0.201013015058748,0.256772595353282,0.0557595802945337,22
"Jeremy Sochan",0.290998712912523,-0.24068770822851,0.0503110046840139,21147
"Dmytro Skapintsev",-0.00629250140427315,0.0515735022037832,0.0452810007995101,8
"Max Strus",0.147205121702883,-0.102636350416717,0.0445687712861659,23729
"PJ Hall",-0.61776839254815,0.660904337640303,0.0431359450921527,256
"Joe Wieskamp",-0.17530569120492,0.217069137890248,0.0417634466853278,209
"Richaun Holmes",0.312877981665946,-0.272507944122865,0.0403700375430818,5995
"Zyon Pullin",-0.0148078185853597,0.0494708391246054,0.0346630205392457,10
"Sasha Vezenkov",0.151988811264375,-0.120077283558475,0.0319115277058995,2142
"KZ Okpala",-0.431367396689887,0.462714382017397,0.0313469853275096,1076
"N'Faly Dante",0.501953510683945,-0.472113560676906,0.0298399500070396,221
"Ashton Hagans",-0.252919511861341,0.282011159521501,0.0290916476601597,1247
"Leandro Bolmaro",-0.250923019547653,0.280008907675771,0.0290858881281184,285
"Chris Silva",-0.0132777761331119,0.0382427011886211,0.0249649250555092,16
"Jalen Wilson",0.468237015206569,-0.443359549516487,0.0248774656900822,10711
"D.J. Wilson",0.0379719815365642,-0.0189050783855681,0.0190669031509961,59
"Duane Washington Jr.",-0.263938748076606,0.278430082073135,0.014491333996529,1655
"Jake LaRavia",0.369637231195814,-0.35635392864123,0.013283302554584,10721
"Goran Dragic",-0.0619130297235115,0.0726685228020365,0.010755493078525,3703
"Darius Days",-0.0286760252976946,0.03825150552698,0.00957548022928542,101
"Juancho Hernangomez",0.428466511438504,-0.423975589302246,0.0044909221362584,2504
"Javonte Smart",-0.0256894740503981,0.0238750299798064,-0.00181444407059174,2
"Collin Sexton",2.33112418433468,-2.33311283438599,-0.00198865005131266,20876
"Skal Labissiere",0.080205474545599,-0.0841279745519919,-0.00392250000639288,52
"Charlie Brown Jr.",-0.0491676998100416,0.0448515902682658,-0.00431610954177587,144
"Khem Birch",-0.0610001202636234,0.0517904934120717,-0.00920962685155177,650
"Tyler Dorsey",-0.0642335809541429,0.053901680685585,-0.0103319002685579,31
"Kendrick Nunn",-0.115857643022142,0.105337302948343,-0.0105203400737985,4090
"Jahmir Young",0.310270296865524,-0.328772937272045,-0.0185026404065214,130
"Jarrett Culver",-0.0607731803629367,0.0416959269498939,-0.0190772534130427,574
"Kaiser Gates",-0.0917877756232777,0.0711654141991664,-0.0206223614241112,32
"Cam Whitmore",0.739191157783858,-0.762385642636269,-0.0231944848524109,7178
"Devon Dotson",-0.138641129041026,0.113529604037205,-0.0251115250038216,214
"George Hill",-0.718534266109056,0.689711761604098,-0.0288225045049572,3459
"Michael Foster Jr.",-0.0335135609240123,0.00357047935768825,-0.029943081566324,4
"Talen Horton-Tucker",0.632492131501299,-0.663277085137371,-0.0307849536360724,12942
"Dexter Dennis",-0.222268879378247,0.184328488151277,-0.0379403912269707,145
"Riley Minix",-0.0701813297914679,0.0302187278702789,-0.039962601921189,29
"Sterling Brown",-0.0524813767156533,0.00818559607518698,-0.0442957806404663,116
"Kyshawn George",-0.805560467142895,0.75646685035135,-0.0490936167915457,7627
"D.J. Carton",-0.300459418382894,0.245207015253468,-0.0552524031294258,304
"Andrew Nembhard",-1.31762437535595,1.26001776172232,-0.0576066136336246,23770
"Brandon Williams",-0.793684838416663,0.734514130203328,-0.0591707082133341,2568
"Frank Jackson",-0.0524086971221479,-0.0109647707074153,-0.0633734678295632,19
"Isaiah Mobley",-0.523317464745026,0.457305629661206,-0.0660118350838197,691
"Jaden McDaniels",0.101705056894885,-0.16843505596844,-0.0667299990735552,29298
"Jalen Slawson",0.00804634901216407,-0.0747896524698654,-0.0667433034577013,140
"Matt Hurt",-0.476559613549687,0.40674385611122,-0.069815757438467,455
"Luka Garza",0.3193392988,-0.391964541589262,-0.0726252427892617,2492
"Frank Kaminsky",0.015878522094599,-0.0914853804868665,-0.0756068583922675,966
"Jabari Smith Jr.",-0.24379707047719,0.163489497239373,-0.0803075732378174,27296
"Ben Simmons",1.05025965466842,-1.15418846383234,-0.103928809163916,10597
"Chima Moneke",-0.0672560751861738,-0.0419520201684244,-0.109208095354598,34
"Georges Niang",1.72346868422091,-1.84389662959109,-0.120427945370188,20727
"Kevin McCullar Jr.",-0.321287919339592,0.197467160930669,-0.123820758408923,124
"Isaiah Todd",-0.243656567615271,0.11776260010725,-0.125893967508021,268
"Greg Brown III",-0.553925655188923,0.421493776544615,-0.132431878644308,574
"Matas Buzelis",-0.400050075975202,0.258642370940704,-0.141407705034498,6572
"Gordon Hayward",-0.383646020028561,0.235368948534625,-0.148277071493936,11879
"Luke Travers",-0.0297893353348211,-0.124088167566304,-0.153877502901125,357
"Johnny Furphy",-1.22842133254602,1.07124348154709,-0.157177850998938,1621
"Jordan Walsh",-0.435027754159245,0.276635663459701,-0.158392090699544,1920
"Mason Jones",-0.410390531390585,0.25006895495215,-0.160321576438435,297
"Marcus Sasser",-0.413493983260207,0.251312988625349,-0.162180994634857,9040
"Victor Oladipo",-0.149680553882597,-0.0133598931395531,-0.16304044702215,4443
"Mfiondu Kabengele",-0.0830910858335475,-0.087078168339966,-0.170169254173514,143
"Santi Aldama",0.788084495192026,-0.960120603312809,-0.172036108120783,20775
"Trentyn Flowers",-0.384453729262933,0.20090862625779,-0.183545103005143,115
"Jalen Duren",1.07884390690028,-1.27178590885786,-0.192942001957581,22836
"Emanuel Miller",0.164138621097658,-0.359504809647325,-0.195366188549668,104
"Liam Robbins",-1.02528815229122,0.828847120123039,-0.196441032168177,239
"Raul Neto",-0.116304861373614,-0.0884055300399088,-0.204710391413522,1991
"Jonas Valanciunas",1.63249316147482,-1.84078492728216,-0.208291765807336,22387
"E.J. Liddell",0.339033623357447,-0.54872316820741,-0.209689544849963,326
"Yuri Collins",-0.157036864556196,-0.0539393316915243,-0.21097619624772,68
"Mamadi Diakite",-0.61561517440072,0.401266092752046,-0.214349081648674,775
"Micah Potter",-0.325416224723896,0.110169632478178,-0.215246592245718,3927
"Jack McVeigh",-0.797948473918783,0.581801082871382,-0.216147391047401,191
"Isaiah Thomas",-0.0840071737435165,-0.136041223467959,-0.220048397211476,76
"Vernon Carey Jr.",-0.342943764615335,0.121425537775584,-0.221518226839751,117
"Lester Quinones",-0.691604377522565,0.458814093555694,-0.232790283966872,2508
"Ricky Council IV",-0.034286371151672,-0.203750694881989,-0.238037066033661,6295
"Terrence Shannon Jr.",-0.940477712076177,0.69648433727405,-0.243993374802127,1432
"Alex Sarr",-0.332278242589799,0.0864626941599831,-0.245815548429816,7819
"Nikola Vucevic",0.689221985904189,-0.938442487402173,-0.249220501497983,31643
"AJ Griffin",0.046518753887169,-0.298702379023562,-0.252183625136393,6659
"Lindy Waters III",-0.37278118632784,0.117012240896067,-0.255768945431774,6551
"DeJon Jarreau",-0.418811420551301,0.159814702792045,-0.258996717759256,618
"Derrick Rose",-1.21458515777224,0.954540300017134,-0.260044857755102,3100
"Patrick Beverley",-0.676761868001329,0.416425837982896,-0.260336030018434,13444
"Alondes Williams",-0.324734033569005,0.0636686737885717,-0.261065359780434,108
"Trevor Keels",-0.196586435813366,-0.0666704490638499,-0.263256884877215,35
"Meyers Leonard",0.0970842429507246,-0.367796248006229,-0.270712005055504,470
"Tristen Newton",-0.438840540192235,0.162919468251697,-0.275921071940538,75
"Jared Butler",-0.448837568132249,0.169074184358929,-0.279763383773319,7098
"Kendall Brown",-0.772180545698216,0.490394766351766,-0.28178577934645,448
"Noah Vonleh",-0.0786684483305765,-0.208696354655031,-0.287364802985608,707
"James Bouknight",-0.586783410902942,0.296601535126016,-0.290181875776925,2458
"Stanley Johnson",0.219080251275522,-0.510483747712998,-0.291403496437476,1990
"Kira Lewis Jr.",-0.667072595347401,0.372954567595389,-0.294118027752012,2069
"Anton Watson",-0.0923535517946439,-0.204895748513479,-0.297249300308123,103
"Josh Giddey",1.16665094933541,-1.46475990568751,-0.298108956352101,27815
"Seth Lundy",-0.212536153987289,-0.0860576541113277,-0.298593808098616,212
"Otto Porter Jr.",-0.281591541238563,-0.017130766768068,-0.298722308006631,1343
"Terquavion Smith",0.0813173846097248,-0.38104598518057,-0.299728600570845,380
"Udonis Haslem",-0.122868849717479,-0.186424675203833,-0.309293524921312,302
"Nathan Knight",-0.087031513733821,-0.22781608020478,-0.3148475939386,1259
"Marques Bolden",-0.234811178428916,-0.0848065125431529,-0.319617690972068,493
"Jay Scrubb",-0.121002650666365,-0.202178402654686,-0.323181053321051,124
"Bobby Portis",0.382384186607401,-0.707320867932902,-0.324936681325502,21099
"Ochai Agbaji",-0.703249203044981,0.374540669312909,-0.328708533732072,19302
"Ronald Holland II",-0.039790326888011,-0.29337616166869,-0.3331664885567,5277
"Duncan Robinson",0.0418481304049326,-0.376804215343852,-0.33495608493892,17663
"Jordan Hall",-0.383049463138702,0.0459332181516865,-0.337116244987016,340
"Jonathan Kuminga",-0.953602714034871,0.616068762870583,-0.337533951164288,18786
"Miles Bridges",-0.088597241930997,-0.251650591957787,-0.340247833888784,18984
"Dylan Windler",-0.0832810462814199,-0.2570281005763,-0.34030914685772,482
"R.J. Hampton",-0.0952467187213177,-0.245845586362001,-0.341092305083319,3388
"Matt Ryan",-1.25560781202528,0.912001903658385,-0.343605908366899,3289
"Tyler Kolek",-1.1720363082129,0.824889049497847,-0.347147258715056,1250
"Danny Green",-0.179524444250358,-0.17222365250264,-0.351748096752998,646
"Christian Wood",-0.0897135546565778,-0.270388804181511,-0.360102358838089,10612
"Jahmi'us Ramsey",-0.558050244426578,0.197491192242031,-0.360559052184548,509
"Xavier Tillman",-1.3962652678108,1.0342440155436,-0.362021252267204,9898
"Chance Comanche",-0.0753213019869626,-0.289457305207542,-0.364778607194505,84
"Jesse Edwards",-0.103868059488393,-0.265730308796977,-0.36959836828537,20
"Ricky Rubio",-0.906578009717978,0.529375322955986,-0.377202686761992,2286
"Michael Carter-Williams",-0.132116133901765,-0.249193140840903,-0.381309274742668,177
"Cam Christie",-0.419910573533891,0.030223093031164,-0.389687480502727,239
"Adem Bona",-0.454840465104704,0.0642007993096102,-0.390639665795094,3707
"Daniss Jenkins",-0.157109757797988,-0.233641529623701,-0.39075128742169,86
"Kobi Simmons",-0.369679980719571,-0.0272331805350443,-0.396913161254615,386
"Xavier Sneed",-0.320947697063794,-0.0766086925473594,-0.397556389611154,199
"Eric Gordon",0.150915668883601,-0.549500294287142,-0.398584625403541,19256
"Javonte Green",-0.0359392658077414,-0.366046299380799,-0.40198556518854,8196
"Quenton Jackson",-0.544265620317717,0.134434929176194,-0.409830691141523,2261
"Grant Williams",0.159526649978945,-0.57379491313545,-0.414268263156505,19121
"Spencer Dinwiddie",0.638605649623718,-1.05914084953158,-0.420535199907865,28733
"Blake Wesley",-0.891484088048792,0.467470283142309,-0.424013804906483,9383
"Trey Jemison",-0.627711936914317,0.19792179816192,-0.429790138752396,3881
"Saben Lee",-1.14601242058757,0.711197579718049,-0.434814840869524,2325
"Ryan Arcidiacono",-1.34931557947576,0.910255112777279,-0.43906046669848,922
"Jaxson Hayes",-1.38709494818692,0.946954356853102,-0.440140591333814,10782
"Nate Williams",0.218342341363285,-0.662755478603572,-0.444413137240286,1756
"Rob Dillingham",-0.00109911384680345,-0.446977577697215,-0.448076691544018,2139
"Jabari Walker",-0.368939340231227,-0.0808454808157496,-0.449784821046976,12653
"Jermaine Samuels Jr.",-0.147927502569751,-0.304796520570631,-0.452724023140382,262
"Vince Williams Jr.",-0.0626822891710562,-0.390617814156154,-0.45330010332721,8429
"Keyontae Johnson",-0.365325817595142,-0.0881747688105888,-0.453500586405731,268
"Nerlens Noel",-0.694366579088839,0.236368706344262,-0.457997872744577,837
"Jamaree Bouyea",-0.311283399710042,-0.146937492461034,-0.458220892171077,915
"Pat Spencer",-0.723407358038438,0.26234186900811,-0.461065489030328,1143
"Kenneth Lofton Jr.",-0.355499950424766,-0.106792595343395,-0.462292545768161,1555
"Trey Murphy III",-0.653972632796728,0.191519483397903,-0.462453149398825,24934
"Ben Sheppard",-0.287881243087874,-0.174815522339436,-0.46269676542731,8627
"Miles Norris",-0.5039182342336,0.030397669378736,-0.473520564854864,125
"Colin Castleton",-1.08856886465852,0.608494708945726,-0.480074155712792,2037
"Serge Ibaka",-0.559192718214909,0.0736531898238111,-0.485539528391098,752
"Leonard Miller",-0.846132722219491,0.35118138088187,-0.494951341337621,358
"Jaime Jaquez Jr.",-0.00389316091724386,-0.491483359402989,-0.495376520320233,14151
"Zavier Simpson",-0.698618102209832,0.194654184483828,-0.503963917726004,670
"Collin Gillespie",0.488935605387636,-0.996254640685001,-0.507319035297365,2787
"Moses Moody",-0.736566566568279,0.228663937663035,-0.507902628905244,15062
"Orlando Robinson",-0.951410372325926,0.434647750974996,-0.51676262135093,6094
"Kyle Anderson",-2.0416377362534,1.52173461550656,-0.519903120746844,19589
"Wesley Matthews",-0.596904652813575,0.0750493165830803,-0.521855336230495,5181
"Scotty Pippen Jr.",-1.56488224454598,1.03794215143926,-0.526940093106722,9561
"Onuralp Bitim",-0.393387118209478,-0.140614547094539,-0.534001665304017,1079
"Vít Krejčí",-0.641986610535803,0.107756404360914,-0.534230206174889,7717
"Pete Nance",-0.50081446001867,-0.0341746990871697,-0.53498915910584,649
"RJ Barrett",0.498665482025156,-1.03677648434497,-0.538111002319817,25794
"Braxton Key",-0.607605015177363,0.0609459512736858,-0.546659063903677,344
"Jaylon Tyson",-1.07386404940305,0.521649619418623,-0.552214429984423,1877
"Terrence Ross",0.34856868776828,-0.90694906091739,-0.55838037314911,5510
"Patty Mills",-1.00193485088522,0.443177209455791,-0.558757641429432,5470
"Davis Bertans",-0.0762768820926173,-0.487122021181575,-0.563398903274192,4740
"Enrique Freeman",-0.44682849477264,-0.122231916246202,-0.569060411018842,786
"Kennedy Chandler",-0.420015055205607,-0.156310347707373,-0.57632540291298,1178
"Lindell Wigginton",-0.293797903746061,-0.289044117247616,-0.582842020993676,399
"Kyle Lowry",-1.26134505239437,0.663539079564046,-0.597805972830323,16388
"A.J. Lawson",-0.13312540464918,-0.468899255944044,-0.602024660593224,3876
"Xavier Moon",-1.09792596477546,0.486128521048163,-0.611797443727295,580
"Juan Toscano-Anderson",-1.0841390107884,0.464309616736142,-0.619829394052255,3193
"Markelle Fultz",-0.398773179035016,-0.222440117177655,-0.621213296212671,11874
"Caleb Martin",-1.33641676804487,0.706642294920066,-0.629774473124803,20296
"Trendon Watford",-0.396173011207264,-0.234927658093529,-0.631100669300793,11974
"Theo Pinson",-0.160273684755739,-0.472920187226425,-0.633193871982164,1366
"TyTy Washington Jr.",-1.43284074666547,0.792703198537413,-0.640137548128056,2516
"Jack White",-0.718793897683918,0.0693750062034031,-0.649418891480515,521
"Bennedict Mathurin",-0.117666297100607,-0.538329395203418,-0.655995692304025,25010
"Buddy Hield",0.187480160879539,-0.851114013142885,-0.663633852263346,27128
"Tre Mann",-0.644195051121666,-0.0205073795031873,-0.664702430624854,10255
"Tim Hardaway Jr.",1.20054984452711,-1.87602998781193,-0.675480143284824,26565
"Bol Bol",-0.59623620686126,-0.0884181680745335,-0.684654374935793,10092
"Justin Champagnie",0.610388483269452,-1.29661692038487,-0.686228437115423,6830
"Bryn Forbes",-0.219028528372436,-0.477540331787873,-0.696568860160309,1134
"Jontay Porter",-0.492500039425914,-0.206642798417048,-0.699142837842962,1529
"John Butler Jr.",-0.329991529380558,-0.372933807625813,-0.702925337006371,935
"Harry Giles III",-0.068619215833877,-0.637445311320217,-0.706064527154094,412
"Quincy Olivari",-0.378196446831673,-0.337653395990262,-0.715849842821935,43
"Anthony Black",-2.52052464228288,1.80407525292053,-0.716449389362356,12336
"Josh Green",-0.0848693723962799,-0.639883813311546,-0.724753185707826,20387
"Matthew Dellavedova",-0.791715825431893,0.0658960534410433,-0.72581977199085,913
"Simone Fontecchio",-0.691408369461095,-0.0345510623797591,-0.725959431840854,15487
"Malik Williams",-0.565557170125472,-0.174021653575026,-0.739578823700498,436
"Danilo Gallinari",0.200941009521269,-0.947174351383945,-0.746233341862676,2622
"Dominick Barlow",0.0894153046217373,-0.839427924157989,-0.750012619536252,5082
"Taze Moore",-1.01468096325295,0.254680056249825,-0.760000907003127,268
"PJ Dozier",-0.706749787403484,-0.0607680835701985,-0.767517870973683,471
"Devonte' Graham",-0.896737006681919,0.127024494771304,-0.769712511910615,6917
"Jaden Springer",-0.804417138243034,0.026081996120765,-0.778335142122269,3965
"Mo Bamba",-0.840796310799832,0.0618390596037235,-0.778957251196109,7779
"Jalen Williams",-1.48161176124259,0.69985075504532,-0.781761006197272,28846
"Alex Fudge",-0.463889481657801,-0.323669927744367,-0.787559409402168,166
"Stanley Umude",-1.38094354862744,0.580800532045114,-0.800143016582329,1677
"DeAndre Jordan",-0.62664473682401,-0.175257205409361,-0.801901942233371,6898
"Brandon Boston",-0.770561274108711,-0.0323660023064133,-0.802927276415124,6543
"Josh Minott",-1.05949745718138,0.234528467865851,-0.824968989315526,1994
"Yuta Watanabe",-0.109291995913085,-0.716509327787345,-0.82580132370043,5756
"D'Moi Hodge",-0.447309346336734,-0.382164653373824,-0.829473999710558,164
"Trey Alexander",-1.13901984729892,0.305622513144143,-0.833397334154781,495
"Vlatko Cancar",-1.70900340300938,0.874969261363602,-0.834034141645778,4202
"Malevy Leons",-0.733904494917358,-0.111010526135168,-0.844915021052526,82
"Jordan Goodwin",-1.31414370945401,0.464678280335473,-0.849465429118535,11035
"Romeo Langford",-0.316645337212995,-0.537773131510148,-0.854418468723144,3597
"Daishen Nix",-0.754696516705777,-0.100097029456466,-0.854793546162243,4080
"Theo Maledon",-0.238746385090403,-0.629936446426656,-0.86868283151706,4473
"Justin Holiday",-1.03973799526859,0.160128626643762,-0.879609368624831,6519
"JT Thor",-1.77611473260398,0.887585063985286,-0.88852966861869,8220
"Patrick Williams",-1.14458062985938,0.244837426860313,-0.899743202999064,21202
"Ulrich Chomche",-0.239037385252234,-0.667614692302358,-0.906652077554592,123
"Dillon Jones",-1.68063652020027,0.757875224269461,-0.922761295930809,2258
"Jacob Toppin",-1.12102888825056,0.197891949671008,-0.923136938579555,455
"Davon Reed",-1.0146045781015,0.0909789681941092,-0.923625609907389,1421
"Stephon Castle",0.614590508596274,-1.54316210841344,-0.928571599817169,9091
"Isaiah Roby",-1.00515612619951,0.072365714626484,-0.932790411573025,1999
"Jordan Clarkson",0.323917978323573,-1.26547918573822,-0.941561207414645,19337
"Ousmane Dieng",-2.3347468610958,1.38810180011931,-0.946645060976492,5612
"Timmy Allen",-0.823342027591786,-0.132502312922511,-0.955844340514297,517
"Justin Minaya",-1.60731598287648,0.645963828490587,-0.961352154385888,2311
"Jalen McDaniels",-0.957180997601564,-0.00529464606190919,-0.962475643663473,10309
"Jerami Grant",-0.636161576189351,-0.327392241445243,-0.963553817634595,23024
"Reed Sheppard",-0.828155960354591,-0.142411740517065,-0.970567700871656,2820
"Jaylen Sims",-0.404285177667834,-0.583067465772682,-0.987352643440516,459
"Marcus Garrett",-0.84586175553504,-0.144527685080849,-0.990389440615888,316
"Jordan Miller",-1.39734152576179,0.402076039497937,-0.995265486263856,1848
"Troy Brown Jr.",-0.52392676543039,-0.472161725026587,-0.996088490456977,11188
"Duop Reath",0.471112424519386,-1.47501193243998,-1.0038995079206,6872
"JaVale McGee",-1.08765048183051,0.0811862658364891,-1.00646421599402,2946
"Jaylen Nowell",-0.741491204238113,-0.268486493581193,-1.00997769781931,6918
"JD Davison",-1.30700106721581,0.292152351118112,-1.0148487160977,790
"Antonio Reeves",-0.246273620514904,-0.776238515928525,-1.02251213644343,2739
"Trayce Jackson-Davis",-0.667226000608249,-0.356780926261766,-1.02400692687001,8751
"Shake Milton",-1.35138529923031,0.319209002564539,-1.03217629666577,12360
"Pacôme Dadiet",-0.397759492497712,-0.642524271716418,-1.04028376421413,453
"Keita Bates-Diop",-0.585539667893202,-0.474460850652245,-1.06000051854545,8857
"Thaddeus Young",0.0145268230773452,-1.07798104634636,-1.06345422326901,4999
"Cam Thomas",1.28221954531065,-2.34619036765985,-1.06397082234921,15546
"Jericho Sims",-1.44817494234649,0.382395597954221,-1.06577934439227,8028
"Anfernee Simons",0.270856065151906,-1.34350492345071,-1.0726488582988,24740
"Adam Flagler",-1.96173647012491,0.881190956644019,-1.08054551348089,884
"Quinten Post",-0.893567941618332,-0.187512844262138,-1.08108078588047,2833
"Baylor Scheierman",-1.41438231604234,0.329857246694887,-1.08452506934746,1496
"Drew Timme",-0.301674457630935,-0.783864168029655,-1.08553862566059,1045
"Taylor Hendricks",-0.85207841728016,-0.236535116872726,-1.08861353415289,3900
"Ryan Dunn",-1.17020504987383,0.0791940586400351,-1.0910109912338,5720
"Elfrid Payton",-1.80142406592849,0.709216158729782,-1.0922079071987,2138
"Dewayne Dedmon",-1.20093962304433,0.102533037323126,-1.09840658572121,1762
"Chris Duarte",-0.936372978891867,-0.163620911358938,-1.09999389025081,7067
"Seth Curry",-1.16422051625866,0.0587671179486792,-1.10545339830998,11880
"Chris Livingston",-1.51731432750038,0.403297943511492,-1.11401638398889,827
"Klay Thompson",0.869963486118876,-1.99619718228607,-1.1262336961672,27625
"Admiral Schofield",-1.12622926389538,-0.00129050738349433,-1.12751977127888,2175
"Trevelin Queen",-1.06775874973202,-0.0732729533785443,-1.14103170311056,2678
"Darius Bazley",-0.66654499891312,-0.484555934208043,-1.15110093312116,3214
"Dario Saric",-0.523048920079905,-0.635399124281286,-1.15844804436119,8748
"Tristan Vukcevic",-0.995138407602142,-0.172381133136252,-1.16751954073839,2812
"Spencer Jones",-1.30061877305466,0.0962721501270339,-1.20434662292763,519
"Joe Harris",0.154925959729968,-1.38095903100444,-1.22603307127447,7021
"Justin Jackson",-1.09476371166967,-0.138931096716313,-1.23369480838598,439
"Andrew Wiggins",-0.815280097363555,-0.422925330747332,-1.23820542811089,20762
"Zach Collins",-1.39556863476358,0.150547580416464,-1.24502105434712,16690
"JaMychal Green",-0.703987831145401,-0.54179637824714,-1.24578420939254,3411
"McKinley Wright IV",-0.711670755763845,-0.539967193827819,-1.25163794959166,1370
"Bismack Biyombo",-0.620001492572874,-0.667893306323441,-1.28789479889631,9023
"Jeff Dowtin Jr.",-0.730018563292538,-0.567741257194585,-1.29775982048712,4113
"Mouhamadou Gueye",-1.31624592000884,0.00730234089033892,-1.3089435791185,493
"Brandon Miller",-0.565024985330887,-0.752972189572797,-1.31799717490368,13542
"Reggie Jackson",-1.381904886681,0.0552072393489388,-1.32669764733206,15705
"P.J. Tucker",0.267587158897265,-1.60880282685353,-1.34121566795627,9855
"Moses Brown",-1.10340587153948,-0.23848592344233,-1.34189179498181,2569
"Scoot Henderson",0.908966241816413,-2.27331886381486,-1.36435262199845,14509
"Gorgui Dieng",-0.9100025787598,-0.47022842029901,-1.38023099905881,1506
"Dalen Terry",-2.42070421539174,1.03865757902423,-1.38204663636751,7941
"Caleb Houstan",-1.38226442407201,-0.000668527445139717,-1.38293295151715,9684
"Reece Beekman",-2.14327375346827,0.737542790475611,-1.40573096299266,1897
"Javon Freeman-Liberty",-0.853007775470023,-0.564785008170093,-1.41779278364012,1685
"Gary Trent Jr.",1.44196464318676,-2.86144572512809,-1.41948108194133,24808
"Drew Eubanks",-0.877415452421181,-0.550863699945138,-1.42827915236632,14388
"Ibou Badji",-1.13835020364302,-0.31290279385242,-1.45125299749544,922
"Omer Yurtseven",-0.966567291954746,-0.487449827875178,-1.45401711982992,2594
"Kobe Bufkin",-2.52277992493086,1.05781053199552,-1.46496939293534,1356
"Kevin Knox II",-0.618894964981644,-0.851588957133676,-1.47048392211532,6751
"KJ Martin",0.234989693381122,-1.72200554023392,-1.48701584685279,16428
"Dariq Whitehead",-1.08359077417207,-0.413644075605127,-1.4972348497772,1135
"Garrison Mathews",-1.39681156913685,-0.103558804425651,-1.5003703735625,10570
"Max Christie",-0.954739423932151,-0.548253831702206,-1.50299325563436,14947
"Alex Ducas",-1.13631390273445,-0.378418960363957,-1.51473286309841,515
"Bruno Fernando",-1.22417356492635,-0.298581275587565,-1.52275484051392,5055
"Tosan Evbuomwan",-1.74530046546391,0.217768762828632,-1.52753170263528,4153
"Markieff Morris",-1.13191522562858,-0.400530439915465,-1.53244566554404,3140
"Skylar Mays",-0.362736156436249,-1.18708090996731,-1.54981706640355,2583
"Deandre Ayton",-0.9683282675887,-0.5968688052838,-1.5651970728725,20479
"Quentin Grimes",-0.208257619098038,-1.37684160946941,-1.58509922856744,21033
"MarJon Beauchamp",-1.85233721406086,0.260909740370494,-1.59142747369037,6187
"Kyle Filipowski",-0.647932770046688,-0.969612998555011,-1.6175457686017,6419
"Austin Rivers",-0.297257472655668,-1.32884845268001,-1.62610592533568,4290
"Eugene Omoruyi",-1.3521236665448,-0.281778911146977,-1.63390257769178,4349
"John Wall",-1.54261613342684,-0.0971747207562484,-1.63979085418309,3174
"Josh Richardson",-0.965249577413826,-0.6843071258599,-1.64955670327373,11499
"Corey Kispert",1.13942857510284,-2.7892813105299,-1.64985273542706,24225
"Terance Mann",0.950957620989728,-2.62218684974429,-1.67122922875456,21043
"Will Barton",-1.29468431236078,-0.380085055208863,-1.67476936756964,4077
"Shaedon Sharpe",0.00558814401360282,-1.69531596006353,-1.68972781604992,21095
"Tyson Etienne",-0.518954280800245,-1.19280487590211,-1.71175915670236,647
"Nathan Mensah",-1.43108809234232,-0.301652860239603,-1.73274095258193,1252
"Garrett Temple",-1.36668688417356,-0.368072987529019,-1.73475987170258,2868
"Robin Lopez",-1.29994455759699,-0.434857814654025,-1.73480237225101,1473
"Evan Fournier",-2.35927507620019,0.623618845749174,-1.73565623045101,4304
"Dalano Banton",-0.801092881449067,-0.955643838162282,-1.75673671961135,10047
"Dejounte Murray",0.41510790826042,-2.18159670887735,-1.76648880061693,27365
"Alex Len",-1.79732274608877,0.0214569743768214,-1.77586577171195,4148
"Andre Drummond",-0.554229285230234,-1.25226248563915,-1.80649177086938,11999
"Tyus Jones",0.358737657228843,-2.16873076427402,-1.80999310704518,25477
"Tyrese Martin",-1.4133609777484,-0.404490353143592,-1.81785133089199,5553
"Armel Traoré",-1.3303030034451,-0.494825409626006,-1.8251284130711,274
"Kylor Kelley",-0.271869928667782,-1.57263984786125,-1.84450977652904,537
"Marcus Bagley",-1.25545616017699,-0.591101567078308,-1.8465577272553,1067
"Colby Jones",-1.26089090323027,-0.599196452655743,-1.86008735588601,2867
"Marcus Morris Sr.",-0.364065497645024,-1.49738878568339,-1.86145428332842,10664
"Isaac Jones",-1.14461990749642,-0.727686294618045,-1.87230620211447,1281
"Jacob Gilyard",-0.699243133061973,-1.17879224114579,-1.87803537420776,2988
"Taj Gibson",-2.06253133836604,0.151742434464026,-1.91078890390202,4481
"Isaiah Collier",-0.619738777629338,-1.30824476469807,-1.92798354232741,7738
"Pat Connaughton",0.0470865777339151,-1.97850392314311,-1.9314173454092,15542
"Udoka Azubuike",-0.859889456421251,-1.07873406073497,-1.93862351715623,2005
"Russell Westbrook",-0.342260549353925,-1.60214582931495,-1.94440637866887,24488
"Paolo Banchero",-0.386542911900839,-1.56262130831368,-1.94916422021452,27806
"Hunter Tyson",-2.67453677267158,0.724052330805901,-1.95048444186568,1897
"Johnny Davis",-2.14900387342543,0.197996197232865,-1.95100767619256,5451
"Jett Howard",-1.97739214192875,0.0119181122545838,-1.96547402967416,3133
"Malachi Flynn",-0.901114550334926,-1.06979949225714,-1.97091404259207,6541
"Ariel Hukporti",-1.83729724079419,-0.134257189883333,-1.97155443067752,893
"Zaccharie Risacher",0.118508443019187,-2.09326328752899,-1.9747548445098,8015
"Dalton Knecht",0.190333635664631,-2.16676964814002,-1.97643601247539,6037
"Mark Williams",-0.17472046569175,-1.81851089394452,-1.99323135963627,10472
"Thanasis Antetokounmpo",-1.25430260622399,-0.7562059388411,-2.01050854506509,1499
"Chuma Okeke",-1.16331142968545,-0.857934030508368,-2.02124546019382,4646
"Kobe Brown",-1.06671948103842,-0.955891072051377,-2.0226105530898,2706
"Charles Bassey",-1.76908003805299,-0.267117783587304,-2.03619782164029,4622
"AJ Johnson",-0.652253491849756,-1.3981573729559,-2.05041086480565,2641
"Cedi Osman",-0.590840075543398,-1.46836753054804,-2.05920760609143,11622
"Nassir Little",-0.722088825461826,-1.35094093752611,-2.07302976298793,5873
"Olivier-Maxence Prosper",-3.0979052807684,1.00757053029409,-2.09033475047431,3891
"Keldon Johnson",-0.116171527671391,-1.97450276600122,-2.09067429367261,25026
"Jae Crowder",-1.28529410834076,-0.833615930753406,-2.11891003909416,6710
"Bojan Bogdanovic",0.525339974576678,-2.64874911261248,-2.1234091380358,13947
"Jamal Cain",-0.982009022031091,-1.18570016125729,-2.16770918328839,4136
"Ayo Dosunmu",-0.880543879593711,-1.29123575336218,-2.1717796329559,23635
"Zeke Nnaji",-3.41197234934094,1.21061282002637,-2.20135952931458,7821
"Isaiah Livers",-0.949232007168047,-1.29272308947944,-2.24195509664749,6877
"Reggie Bullock Jr.",-0.434190311352217,-1.81447436350699,-2.2486646748592,11268
"Bruce Brown",-0.213359901241275,-2.04523900225513,-2.2585989034964,21001
"Craig Porter Jr.",-0.717400163178132,-1.55203758818156,-2.2694377513597,4715
"Kelly Oubre Jr.",-0.843348861964152,-1.4265527200345,-2.26990158199865,23399
"Usman Garuba",-1.43636641356122,-0.858910173316536,-2.29527658687775,4139
"Bryce McGowens",-2.03929813949598,-0.277154165629643,-2.31645230512563,7056
"Trent Forrest",-1.42360048309344,-0.941874907956294,-2.36547539104973,2801
"Jordan Poole",-1.15259460748825,-1.22976871745996,-2.38236332494821,29308
"Nic Claxton",-1.90536184658989,-0.487432969264347,-2.39279481585424,25414
"Kyle Kuzma",-1.4549846638324,-0.939042618598938,-2.39402728243133,27334
"Damian Jones",-2.20754308504745,-0.209530348369253,-2.4170734334167,3098
"Tristan da Silva",-1.22983846284328,-1.19233989841637,-2.42217836125965,6480
"Bronny James",-1.54004310217467,-0.884522303358501,-2.42456540553317,727
"Lonnie Walker IV",-0.538470859992046,-1.8926377101195,-2.43110857011154,11708
"Emoni Bates",-1.66535125648284,-0.82280247281507,-2.48815372929791,849
"Jeremiah Robinson-Earl",-0.230118764353482,-2.26044960835593,-2.49056837270941,10006
"Bradley Beal",-0.776591989390797,-1.73610422801354,-2.51269621740434,21149
"Peyton Watson",-2.76762657103217,0.252856512295798,-2.51477005873637,13706
"Bones Hyland",-1.80765930918738,-0.730897310390255,-2.53855661957763,7607
"Tristan Thompson",-1.9725685284921,-0.574105386568688,-2.54667391506078,3532
"Josh Christopher",-1.09232595750199,-1.49596587034343,-2.58829182784542,3548
"Ish Smith",-1.73362878967286,-0.864318410985336,-2.5979472006582,4689
"Killian Hayes",-1.33472777333659,-1.26518393140932,-2.59991170474591,13844
"Ziaire Williams",-1.46995117704986,-1.13332392188414,-2.603275098934,12844
"DaQuan Jeffries",-0.357004598236034,-2.246675664037,-2.60368026227304,4506
"Jalen Green",0.397621626142633,-3.00294646310151,-2.60532483695887,32736
"Gradey Dick",-0.298560964282262,-2.32266239089608,-2.62122335517834,11945
"Jamal Shead",-1.7071846964839,-0.92311647490228,-2.63030117138618,6076
"Aleksej Pokusevski",-1.59578119356914,-1.04317107367723,-2.63895226724637,4593
"Keion Brooks Jr.",-1.09203091327241,-1.55199583021654,-2.64402674348896,1391
"Brice Sensabaugh",0.394549869462499,-3.04316436977527,-2.64861450031277,8537
"Kessler Edwards",-0.582685854069593,-2.06929128647449,-2.65197714054408,5290
"Noah Clowney",-2.66301104486086,-0.0230355847720636,-2.68604662963292,5685
"Precious Achiuwa",-2.25109329533624,-0.439290515847872,-2.69038381118411,15892
"Taurean Prince",-0.143277391945263,-2.56635890228793,-2.70963629423319,23082
"Devin Vassell",-0.930354705863709,-1.78093599530405,-2.71129070116776,22823
"Terry Rozier",-1.30897865362583,-1.43748454474033,-2.74646319836616,24443
"Nick Richards",0.185570117164012,-2.9421777497291,-2.75660763256508,17367
"Malaki Branham",-1.25219371950026,-1.50959421251335,-2.76178793201361,15246
"Jaden Ivey",-0.235706982209055,-2.57867445214018,-2.81438143434924,22576
"Rayan Rupert",-1.80028387680203,-1.02923163709709,-2.82951551389912,4566
"Tidjane Salaün",-3.88109684511245,1.0140195421407,-2.86707730297175,5000
"Maxwell Lewis",-2.72800530658856,-0.139955331412448,-2.86796063800101,1747
"Jarace Walker",-2.45719559528603,-0.414123419406857,-2.87131901469288,6454
"Torrey Craig",-0.589280960184779,-2.28287975326461,-2.87216071344939,13485
"Doug McDermott",0.23169504596256,-3.16614979814487,-2.93445475218231,10895
"David Roddy",-1.86855491563686,-1.07181172863952,-2.94036664427638,11902
"GG Jackson",-2.01580803601195,-0.935551084636702,-2.95135912064865,6984
"Wendell Moore Jr.",-2.4679875825505,-0.510833511067388,-2.97882109361789,3055
"Jamison Battle",-1.50076642432646,-1.50152906077823,-3.00229548510468,4361
"Bilal Coulibaly",-2.04229782010711,-0.971394102594767,-3.01369192270188,15612
"Jonathan Mogbo",-2.64239139586468,-0.372067756107806,-3.01445915197249,5399
"Keon Johnson",-1.7834258217674,-1.23133038644475,-3.01475620821214,9807
"Cam Reddish",-1.74209089045183,-1.32455961075999,-3.06665050121182,10744
"Jalen Hood-Schifino",-1.13524394944614,-1.96640720117938,-3.10165115062552,1750
"Andre Jackson Jr.",-1.34819319754851,-1.75579263491723,-3.10398583246574,6489
"Jordan Hawkins",-1.1501232059135,-2.03271288545952,-3.18283609137302,10307
"KJ Simpson",-1.95656185150515,-1.25137644708794,-3.20793829859309,3425
"Johnny Juzang",-1.03066402415639,-2.23992979267388,-3.27059381683027,7818
"Damion Baugh",-1.68731981118964,-1.66236334018143,-3.34968315137107,1496
"Jaden Hardy",-2.28241993880326,-1.13332541201861,-3.41574535082188,10959
"Julian Strawther",-1.71305779344271,-1.84037127729242,-3.55342907073512,8130
"Amir Coffey",-1.99780056632254,-1.60749266488606,-3.6052932312086,15763
"Jeff Green",-1.41177301024796,-2.3256945941709,-3.73746760441885,11507
"Justin Edwards",0.537257340390481,-4.30843246663904,-3.77117512624856,4733
"Jaylen Martin",-2.24544069743155,-1.53862703215466,-3.78406772958621,978
"Jordan Nwora",-2.00370339638332,-1.83496787129746,-3.83867126768078,8063
"Keyonte George",-0.697562543490703,-3.18501777046418,-3.88258031395489,17224
"Yves Missi",-1.86206127881307,-2.12827839170874,-3.99033967052182,8087
"Cody Williams",-3.52958676492377,-0.915946596308978,-4.44553336123275,4495
"Bub Carrington",-2.82666000050243,-1.70057889761939,-4.52723889812182,10434
"Nick Smith Jr.",-3.43347211454883,-1.19957471503318,-4.63304682958201,8554
"James Wiseman",-1.96398127718305,-2.84106713271463,-4.80504840989767,8216
